lemma	target_count	comparison_count	target_per_1k	comparison_per_1k	expected	LL	%DIFF	status
squared-off	9	5	87.38	6.93	1.75	20.52	170.59	POSKW
picture	41	152	398.06	210.82	24.12	11.48	61.5	POSKW
actual	10	18	97.09	24.97	3.5	9.9	118.18	POSKW
turtleneck	11	22	106.8	30.51	4.12	9.61	111.11	POSKW
gearshift	4	2	38.83	2.77	0.75	9.53	173.33	POSKW
brim	10	19	97.09	26.35	3.62	9.3	114.61	POSKW
cookware	5	5	48.54	6.93	1.25	8.27	150.0	POSKW
eyeglass	7	11	67.96	15.26	2.25	7.99	126.67	POSKW
ii	4	3	38.83	4.16	0.88	7.88	161.29	POSKW
wood-toned	4	3	38.83	4.16	0.88	7.88	161.29	POSKW
come	38	156	368.93	216.37	24.25	7.78	52.13	POSKW
context	13	35	126.21	48.54	6.0	7.34	88.89	POSKW
very	5	6	48.54	8.32	1.38	7.24	141.46	POSKW
tan	29	112	281.55	155.34	17.62	7.22	57.78	POSKW
aerosol	6	9	58.25	12.48	1.88	7.17	129.41	POSKW
outer	6	10	58.25	13.87	2.0	6.45	123.08	POSKW
ford	5	7	48.54	9.71	1.5	6.36	133.33	POSKW
copyright	8	18	77.67	24.97	3.25	5.98	102.7	POSKW
vest	19	69	184.47	95.7	11.0	5.63	63.37	POSKW
headrest	4	5	38.83	6.93	1.12	5.61	139.39	POSKW
sporty	4	5	38.83	6.93	1.12	5.61	139.39	POSKW
tomato	7	15	67.96	20.8	2.75	5.6	106.25	POSKW
inset	6	12	58.25	16.64	2.25	5.24	111.11	POSKW
concentrate	11	33	106.8	45.77	5.5	5.08	80.0	POSKW
console	11	33	106.8	45.77	5.5	5.08	80.0	POSKW
saddle	4	6	38.83	8.32	1.25	4.78	129.41	POSKW
attendant	6	13	58.25	18.03	2.38	4.73	105.45	POSKW
blouse	22	89	213.59	123.44	13.88	4.73	53.5	POSKW
lather	5	10	48.54	13.87	1.88	4.37	111.11	POSKW
reference	5	10	48.54	13.87	1.88	4.37	111.11	POSKW
greenish	7	18	67.96	24.97	3.12	4.27	92.54	POSKW
mention	7	18	67.96	24.97	3.12	4.27	92.54	POSKW
moustache	6	14	58.25	19.42	2.5	4.26	100.0	POSKW
boxy	11	36	106.8	49.93	5.88	4.22	72.57	POSKW
feature	15	56	145.63	77.67	8.88	4.12	60.87	POSKW
lettering	48	241	466.02	334.26	36.12	4.1	32.93	POSKW
casing	4	7	38.83	9.71	1.38	4.08	120.0	POSKW
playing	4	7	38.83	9.71	1.38	4.08	120.0	POSKW
kiss	8	23	77.67	31.9	3.88	4.01	83.54	POSKW
plaid	21	88	203.88	122.05	13.62	4.01	50.21	POSKW
reddish	14	52	135.92	72.12	8.25	3.9	61.33	POSKW
checked	5	11	48.54	15.26	2.0	3.86	104.35	POSKW
sway	5	11	48.54	15.26	2.0	3.86	104.35	POSKW
wood-paneled	5	11	48.54	15.26	2.0	3.86	104.35	POSKW
motion	4	112	38.83	155.34	14.5	11.75	-120.0	NEGKW
logo	29	368	281.55	510.4	49.62	11.29	-57.79	NEGKW
fine	5	122	48.54	169.21	15.88	11.23	-110.83	NEGKW
space	18	229	174.76	317.61	30.88	7.08	-58.03	NEGKW
walk	14	191	135.92	264.91	25.62	7.06	-64.36	NEGKW
float	6	108	58.25	149.79	14.25	6.78	-88.0	NEGKW
clean	25	283	242.72	392.51	38.5	6.08	-47.16	NEGKW
glow	15	192	145.63	266.3	25.88	6.03	-58.59	NEGKW
mark	16	200	155.34	277.39	27.0	5.88	-56.41	NEGKW
cross	6	101	58.25	140.08	13.38	5.7	-82.52	NEGKW
wave	5	89	48.54	123.44	11.75	5.5	-87.1	NEGKW
highlight	5	88	48.54	122.05	11.62	5.34	-86.18	NEGKW
shoe	6	97	58.25	134.54	12.88	5.1	-79.14	NEGKW
scatter	5	86	48.54	119.28	11.38	5.03	-84.3	NEGKW
phone	4	75	38.83	104.02	9.88	5.01	-91.26	NEGKW
stretch	24	263	233.01	364.77	35.88	5.01	-44.08	NEGKW
circle	6	96	58.25	133.15	12.75	4.95	-78.26	NEGKW
pant	10	135	97.09	187.24	18.12	4.87	-63.41	NEGKW
line	36	363	349.51	503.47	49.88	4.82	-36.1	NEGKW
leg	14	171	135.92	237.17	23.12	4.7	-54.28	NEGKW
glove	4	73	38.83	101.25	9.62	4.68	-89.11	NEGKW
imagery	8	113	77.67	156.73	15.12	4.53	-67.46	NEGKW
streak	5	81	48.54	112.34	10.75	4.27	-79.31	NEGKW
distance	10	130	97.09	180.31	17.5	4.26	-60.0	NEGKW
purple	10	130	97.09	180.31	17.5	4.26	-60.0	NEGKW
wrap	7	101	67.96	140.08	13.5	4.24	-69.33	NEGKW
structure	4	70	38.83	97.09	9.25	4.21	-85.71	NEGKW
glossy	23	245	223.3	339.81	33.5	4.16	-41.38	NEGKW
wet	5	80	48.54	110.96	10.62	4.13	-78.26	NEGKW
fade	9	119	87.38	165.05	16.0	4.07	-61.54	NEGKW
screen	43	407	417.48	564.49	56.25	3.84	-29.94	NEGKW
faint	6	88	58.25	122.05	11.75	3.83	-70.77	NOTKW
print	19	206	184.47	285.71	28.12	3.76	-43.07	NOTKW
drift	4	67	38.83	92.93	8.88	3.75	-82.11	NOTKW
office	4	67	38.83	92.93	8.88	3.75	-82.11	NOTKW
cover	23	240	223.3	332.87	32.88	3.74	-39.4	NOTKW
cream-colored	12	43	116.5	59.64	6.88	3.68	64.57	NOTKW
drop	7	96	67.96	133.15	12.88	3.59	-64.83	NOTKW
message	5	76	48.54	105.41	10.12	3.56	-73.87	NOTKW
residential	7	20	67.96	27.74	3.38	3.55	84.06	NOTKW
speaking	7	20	67.96	27.74	3.38	3.55	84.06	NOTKW
quality	4	8	38.83	11.1	1.5	3.5	111.11	NOTKW
selection	4	8	38.83	11.1	1.5	3.5	111.11	NOTKW
suspender	4	8	38.83	11.1	1.5	3.5	111.11	NOTKW
weary	4	8	38.83	11.1	1.5	3.5	111.11	NOTKW
demonstrate	20	86	194.17	119.28	13.25	3.47	47.79	NOTKW
break	4	65	38.83	90.15	8.62	3.45	-79.57	NOTKW
get	4	65	38.83	90.15	8.62	3.45	-79.57	NOTKW
jean	4	65	38.83	90.15	8.62	3.45	-79.57	NOTKW
restaurant	6	16	58.25	22.19	2.75	3.44	89.66	NOTKW
follow	28	278	271.84	385.58	38.25	3.42	-34.6	NOTKW
rich	5	12	48.54	16.64	2.12	3.4	97.87	NOTKW
wristwatch	5	12	48.54	16.64	2.12	3.4	97.87	NOTKW
cheek	18	76	174.76	105.41	11.75	3.34	49.5	NOTKW
steady	16	175	155.34	242.72	23.88	3.31	-43.9	NOTKW
stripe	21	93	203.88	128.99	14.25	3.25	45.0	NOTKW
affectionate	7	21	67.96	29.13	3.5	3.23	80.0	NOTKW
wallpaper	7	21	67.96	29.13	3.5	3.23	80.0	NOTKW
calm	16	174	155.34	241.33	23.75	3.22	-43.36	NOTKW
stylize	16	66	155.34	91.54	10.25	3.22	51.69	NOTKW
badge	6	83	58.25	115.12	11.12	3.17	-65.6	NOTKW
sheet	4	63	38.83	87.38	8.38	3.16	-76.92	NOTKW
neck	23	105	223.3	145.63	16.0	3.14	42.11	NOTKW
roof	14	56	135.92	77.67	8.75	3.12	54.55	NOTKW
tiny	11	129	106.8	178.92	17.5	3.12	-50.49	NOTKW
amused	9	31	87.38	43.0	5.0	3.06	68.09	NOTKW
black-and-white	8	101	77.67	140.08	13.62	3.06	-57.32	NOTKW
curl	8	101	77.67	140.08	13.62	3.06	-57.32	NOTKW
neat	8	101	77.67	140.08	13.62	3.06	-57.32	NOTKW
scarf	9	31	87.38	43.0	5.0	3.06	68.09	NOTKW
enter	10	119	97.09	165.05	16.12	3.02	-51.85	NOTKW
new	11	128	106.8	177.53	17.38	3.02	-49.76	NOTKW
exaggerated	4	62	38.83	85.99	8.25	3.01	-75.56	NOTKW
modern	5	72	48.54	99.86	9.62	3.01	-69.16	NOTKW
booth	4	9	38.83	12.48	1.62	2.99	102.7	NOTKW
garnish	4	9	38.83	12.48	1.62	2.99	102.7	NOTKW
maker	4	9	38.83	12.48	1.62	2.99	102.7	NOTKW
softness	4	9	38.83	12.48	1.62	2.99	102.7	NOTKW
watching	4	9	38.83	12.48	1.62	2.99	102.7	NOTKW
patch	7	91	67.96	126.21	12.25	2.98	-60.0	NOTKW
peer	7	22	67.96	30.51	3.62	2.93	76.06	NOTKW
pick	4	61	38.83	84.6	8.12	2.87	-74.16	NOTKW
circular	20	204	194.17	282.94	28.0	2.86	-37.21	NOTKW
on-screen	41	213	398.06	295.42	31.75	2.86	29.6	NOTKW
floral	8	27	77.67	37.45	4.38	2.85	69.88	NOTKW
life	6	18	58.25	24.97	3.0	2.77	80.0	NOTKW
orange-red	6	18	58.25	24.97	3.0	2.77	80.0	NOTKW
produce	6	18	58.25	24.97	3.0	2.77	80.0	NOTKW
air	5	70	48.54	97.09	9.38	2.75	-66.67	NOTKW
living	4	60	38.83	83.22	8.0	2.73	-72.73	NOTKW
leafy	19	86	184.47	119.28	13.12	2.69	42.92	NOTKW
water	16	168	155.34	233.01	23.0	2.69	-40.0	NOTKW
ingredient	7	23	67.96	31.9	3.75	2.66	72.22	NOTKW
makeup	7	23	67.96	31.9	3.75	2.66	72.22	NOTKW
glance	28	138	271.84	191.4	20.75	2.65	34.73	NOTKW
loose	12	133	116.5	184.47	18.12	2.64	-45.16	NOTKW
portion	11	43	106.8	59.64	6.75	2.64	56.67	NOTKW
roll	12	133	116.5	184.47	18.12	2.64	-45.16	NOTKW
share	11	43	106.8	59.64	6.75	2.64	56.67	NOTKW
accept	5	14	48.54	19.42	2.38	2.63	85.71	NOTKW
balloon	5	14	48.54	19.42	2.38	2.63	85.71	NOTKW
photograph	5	14	48.54	19.42	2.38	2.63	85.71	NOTKW
audio	8	28	77.67	38.83	4.5	2.61	66.67	NOTKW
mustache	8	28	77.67	38.83	4.5	2.61	66.67	NOTKW
see	33	307	320.39	425.8	42.5	2.6	-28.25	NOTKW
translucent	4	59	38.83	81.83	7.88	2.6	-71.26	NOTKW
cluster	19	87	184.47	120.67	13.25	2.56	41.82	NOTKW
dispense	4	10	38.83	13.87	1.75	2.55	94.74	NOTKW
repeating	4	10	38.83	13.87	1.75	2.55	94.74	NOTKW
sunlight	6	78	58.25	108.18	10.5	2.55	-60.0	NOTKW
tissue	4	10	38.83	13.87	1.75	2.55	94.74	NOTKW
tabletop	11	123	106.8	170.6	16.75	2.53	-46.0	NOTKW
room	27	257	262.14	356.45	35.5	2.51	-30.49	NOTKW
tall	35	321	339.81	445.21	44.5	2.48	-26.86	NOTKW
high	20	199	194.17	276.01	27.38	2.47	-34.81	NOTKW
tv	6	19	58.25	26.35	3.12	2.47	75.41	NOTKW
worker	4	58	38.83	80.44	7.75	2.46	-69.77	NOTKW
short-sleeved	6	77	58.25	106.8	10.38	2.44	-58.82	NOTKW
corner	8	95	77.67	131.76	12.88	2.4	-51.66	NOTKW
little	9	104	87.38	144.24	14.12	2.4	-49.1	NOTKW
scoop	7	24	67.96	33.29	3.88	2.4	68.49	NOTKW
theatrical	7	24	67.96	33.29	3.88	2.4	68.49	NOTKW
chew	8	29	77.67	40.22	4.62	2.38	63.53	NOTKW
storefront	8	29	77.67	40.22	4.62	2.38	63.53	NOTKW
control	26	129	252.43	178.92	19.38	2.37	34.08	NOTKW
printed	5	67	48.54	92.93	9.0	2.37	-62.75	NOTKW
shiny	18	181	174.76	251.04	24.88	2.37	-35.83	NOTKW
mouth	45	244	436.89	338.42	36.12	2.34	25.4	NOTKW
beige	16	72	155.34	99.86	11.0	2.32	43.48	NOTKW
indicate	6	76	58.25	105.41	10.25	2.32	-57.63	NOTKW
intimate	5	15	48.54	20.8	2.5	2.31	80.0	NOTKW
radio	5	15	48.54	20.8	2.5	2.31	80.0	NOTKW
uncomfortable	5	15	48.54	20.8	2.5	2.31	80.0	NOTKW
tip	7	85	67.96	117.89	11.5	2.3	-53.73	NOTKW
couple	11	45	106.8	62.41	7.0	2.28	52.46	NOTKW
dominate	21	101	203.88	140.08	15.25	2.25	37.1	NOTKW
tone	13	56	126.21	77.67	8.62	2.24	47.62	NOTKW
bulb	6	20	58.25	27.74	3.25	2.2	70.97	NOTKW
column	4	56	38.83	77.67	7.5	2.2	-66.67	NOTKW
box	25	236	242.72	327.32	32.62	2.19	-29.68	NOTKW
swing	8	93	77.67	128.99	12.62	2.19	-49.66	NOTKW
bath	4	11	38.83	15.26	1.88	2.18	87.18	NOTKW
pinkish	4	11	38.83	15.26	1.88	2.18	87.18	NOTKW
relief	4	11	38.83	15.26	1.88	2.18	87.18	NOTKW
social	4	11	38.83	15.26	1.88	2.18	87.18	NOTKW
store	12	51	116.5	70.74	7.88	2.18	48.89	NOTKW
tuxedo	4	11	38.83	15.26	1.88	2.18	87.18	NOTKW
shoulder-length	14	62	135.92	85.99	9.5	2.17	45.0	NOTKW
studio-like	7	25	67.96	34.67	4.0	2.17	64.86	NOTKW
paper	15	153	145.63	212.21	21.0	2.15	-37.21	NOTKW
adjust	22	108	213.59	149.79	16.25	2.13	35.11	NOTKW
platform	5	65	48.54	90.15	8.75	2.13	-60.0	NOTKW
collar	25	126	242.72	174.76	18.88	2.09	32.56	NOTKW
disappear	6	74	58.25	102.64	10.0	2.09	-55.17	NOTKW
holding	4	55	38.83	76.28	7.38	2.07	-65.06	NOTKW
know	4	55	38.83	76.28	7.38	2.07	-65.06	NOTKW
approach	21	103	203.88	142.86	15.5	2.04	35.2	NOTKW
narrow	16	160	155.34	221.91	22.0	2.04	-35.29	NOTKW
light-colored	36	193	349.51	267.68	28.62	2.03	26.52	NOTKW
delight	5	16	48.54	22.19	2.62	2.01	74.51	NOTKW
rubber	5	16	48.54	22.19	2.62	2.01	74.51	NOTKW
yellow-orange	5	16	48.54	22.19	2.62	2.01	74.51	NOTKW
middle-aged	24	121	233.01	167.82	18.12	2.0	32.53	NOTKW
color	26	133	252.43	184.47	19.88	1.99	31.11	NOTKW
many	8	91	77.67	126.21	12.38	1.99	-47.62	NOTKW
skirt	8	91	77.67	126.21	12.38	1.99	-47.62	NOTKW
triangular	8	31	77.67	43.0	4.88	1.97	57.47	NOTKW
expressive	6	21	58.25	29.13	3.38	1.96	66.67	NOTKW
device	4	54	38.83	74.9	7.25	1.95	-63.41	NOTKW
pan	7	26	67.96	36.06	4.12	1.95	61.33	NOTKW
chair	14	142	135.92	196.95	19.5	1.94	-36.67	NOTKW
rear	21	104	203.88	144.24	15.62	1.94	34.26	NOTKW
building	12	125	116.5	173.37	17.12	1.93	-39.23	NOTKW
yellow	53	300	514.56	416.09	44.12	1.93	21.16	NOTKW
wall	37	327	359.22	453.54	45.5	1.92	-23.21	NOTKW
packaging	5	63	48.54	87.38	8.5	1.9	-57.14	NOTKW
domestic	8	90	77.67	124.83	12.25	1.89	-46.58	NOTKW
long-sleeved	10	42	97.09	58.25	6.5	1.89	50.0	NOTKW
wash	8	90	77.67	124.83	12.25	1.89	-46.58	NOTKW
city	7	81	67.96	112.34	11.0	1.88	-49.23	NOTKW
bluish	4	12	38.83	16.64	2.0	1.85	80.0	NOTKW
eager	4	12	38.83	16.64	2.0	1.85	80.0	NOTKW
handset	4	12	38.83	16.64	2.0	1.85	80.0	NOTKW
medicine	4	12	38.83	16.64	2.0	1.85	80.0	NOTKW
serif	4	12	38.83	16.64	2.0	1.85	80.0	NOTKW
voluminous	4	12	38.83	16.64	2.0	1.85	80.0	NOTKW
extend	11	115	106.8	159.5	15.75	1.8	-39.58	NOTKW
bed	5	62	48.54	85.99	8.38	1.78	-55.67	NOTKW
trail	6	71	58.25	98.47	9.62	1.77	-51.33	NOTKW
brighten	5	17	48.54	23.58	2.75	1.75	69.23	NOTKW
cradle	5	17	48.54	23.58	2.75	1.75	69.23	NOTKW
upholstery	5	17	48.54	23.58	2.75	1.75	69.23	NOTKW
attention	22	112	213.59	155.34	16.75	1.74	31.58	NOTKW
brown	41	228	398.06	316.23	33.62	1.74	22.91	NOTKW
knob	10	43	97.09	59.64	6.62	1.74	47.79	NOTKW
cloud	9	97	87.38	134.54	13.25	1.73	-42.5	NOTKW
slip	6	22	58.25	30.51	3.5	1.73	62.5	NOTKW
first	33	179	320.39	248.27	26.5	1.71	25.37	NOTKW
home	14	139	135.92	192.79	19.12	1.71	-34.6	NOTKW
catch	12	122	116.5	169.21	16.75	1.69	-36.89	NOTKW
equipment	7	79	67.96	109.57	10.75	1.68	-46.88	NOTKW
glide	7	79	67.96	109.57	10.75	1.68	-46.88	NOTKW
path	7	79	67.96	109.57	10.75	1.68	-46.88	NOTKW
crowd	19	95	184.47	131.76	14.25	1.66	33.33	NOTKW
old	28	149	271.84	206.66	22.12	1.66	27.25	NOTKW
silver	13	130	126.21	180.31	17.88	1.66	-35.29	NOTKW
place	34	298	330.1	413.31	41.5	1.64	-22.39	NOTKW
rub	12	55	116.5	76.28	8.38	1.61	41.73	NOTKW
clear	47	268	456.31	371.71	39.38	1.6	20.44	NOTKW
shadow	10	104	97.09	144.24	14.25	1.6	-39.08	NOTKW
illustration	10	44	97.09	61.03	6.75	1.59	45.61	NOTKW
model	4	51	38.83	70.74	6.88	1.59	-58.23	NOTKW
outline	17	84	165.05	116.5	12.62	1.59	34.48	NOTKW
identify	19	96	184.47	133.15	14.38	1.57	32.31	NOTKW
touch	19	96	184.47	133.15	14.38	1.57	32.31	NOTKW
bell	4	13	38.83	18.03	2.12	1.56	73.17	NOTKW
keep	37	206	359.22	285.71	30.38	1.56	22.8	NOTKW
private	4	13	38.83	18.03	2.12	1.56	73.17	NOTKW
taste	7	28	67.96	38.83	4.38	1.56	54.55	NOTKW
exit	5	18	48.54	24.97	2.88	1.52	64.15	NOTKW
slice	9	39	87.38	54.09	6.0	1.52	47.06	NOTKW
vegetable	5	18	48.54	24.97	2.88	1.52	64.15	NOTKW
rectangular	48	276	466.02	382.8	40.5	1.51	19.61	NOTKW
stay	13	128	126.21	177.53	17.62	1.51	-33.79	NOTKW
obscure	4	50	38.83	69.35	6.75	1.47	-56.41	NOTKW
pose	9	94	87.38	130.37	12.88	1.47	-39.49	NOTKW
active	8	34	77.67	47.16	5.25	1.45	48.89	NOTKW
bright	70	569	679.61	789.18	79.88	1.45	-14.92	NOTKW
graphic	22	200	213.59	277.39	27.75	1.45	-25.99	NOTKW
reach	53	309	514.56	428.57	45.25	1.45	18.24	NOTKW
bowl	17	86	165.05	119.28	12.88	1.39	32.2	NOTKW
telephone	7	29	67.96	40.22	4.5	1.39	51.28	NOTKW
orange	37	209	359.22	289.88	30.75	1.38	21.37	NOTKW
back	25	222	242.72	307.91	30.88	1.35	-23.68	NOTKW
complete	5	58	48.54	80.44	7.88	1.35	-49.46	NOTKW
sign	16	150	155.34	208.04	20.75	1.34	-29.01	NOTKW
sunlit	8	84	77.67	116.5	11.5	1.34	-40.0	NOTKW
reading	24	129	233.01	178.92	19.12	1.33	26.26	NOTKW
colored	5	19	48.54	26.35	3.0	1.31	59.26	NOTKW
rugged	5	19	48.54	26.35	3.0	1.31	59.26	NOTKW
apron	8	35	77.67	48.54	5.38	1.3	46.15	NOTKW
cabinet	18	93	174.76	128.99	13.88	1.3	30.14	NOTKW
continue	80	487	776.7	675.45	70.88	1.3	13.94	NOTKW
country	4	14	38.83	19.42	2.25	1.3	66.67	NOTKW
dotted	4	14	38.83	19.42	2.25	1.3	66.67	NOTKW
melt	4	14	38.83	19.42	2.25	1.3	66.67	NOTKW
net	4	14	38.83	19.42	2.25	1.3	66.67	NOTKW
pattern	39	223	378.64	309.29	32.75	1.3	20.16	NOTKW
pivot	4	14	38.83	19.42	2.25	1.3	66.67	NOTKW
plain	32	179	310.68	248.27	26.38	1.3	22.33	NOTKW
scenery	4	14	38.83	19.42	2.25	1.3	66.67	NOTKW
span	4	14	38.83	19.42	2.25	1.3	66.67	NOTKW
steep	4	14	38.83	19.42	2.25	1.3	66.67	NOTKW
vehicle	10	100	97.09	138.7	13.75	1.28	-35.29	NOTKW
blond	12	58	116.5	80.44	8.75	1.26	36.62	NOTKW
floor	22	196	213.59	271.84	27.25	1.23	-24.0	NOTKW
television	7	30	67.96	41.61	4.62	1.23	48.1	NOTKW
gold	7	74	67.96	102.64	10.12	1.22	-40.65	NOTKW
height	14	70	135.92	97.09	10.5	1.22	33.33	NOTKW
sky	18	164	174.76	227.46	22.75	1.21	-26.21	NOTKW
vertical	17	156	165.05	216.37	21.62	1.21	-26.91	NOTKW
friendly	10	47	97.09	65.19	7.12	1.2	39.32	NOTKW
game	10	47	97.09	65.19	7.12	1.2	39.32	NOTKW
compose	8	82	77.67	113.73	11.25	1.18	-37.68	NOTKW
dog	6	65	58.25	90.15	8.88	1.18	-42.99	NOTKW
make	35	296	339.81	410.54	41.38	1.18	-18.85	NOTKW
tile	6	65	58.25	90.15	8.88	1.18	-42.99	NOTKW
amuse	6	25	58.25	34.67	3.88	1.17	50.75	NOTKW
family	11	53	106.8	73.51	8.0	1.17	36.92	NOTKW
illustrate	6	25	58.25	34.67	3.88	1.17	50.75	NOTKW
warm	38	219	368.93	303.74	32.12	1.17	19.38	NOTKW
examine	8	36	77.67	49.93	5.5	1.16	43.48	NOTKW
land	5	56	48.54	77.67	7.62	1.16	-46.15	NOTKW
helmet	4	47	38.83	65.19	6.38	1.15	-50.67	NOTKW
pull	25	218	242.72	302.36	30.38	1.15	-21.88	NOTKW
ribbon	4	47	38.83	65.19	6.38	1.15	-50.67	NOTKW
serious	19	101	184.47	140.08	15.0	1.14	27.35	NOTKW
gesture	44	258	427.18	357.84	37.75	1.13	17.67	NOTKW
window	38	318	368.93	441.05	44.5	1.13	-17.81	NOTKW
bunch	5	20	48.54	27.74	3.12	1.12	54.55	NOTKW
extra	5	20	48.54	27.74	3.12	1.12	54.55	NOTKW
silhouette	11	106	106.8	147.02	14.62	1.11	-31.69	NOTKW
kitchen	12	114	116.5	158.11	15.75	1.1	-30.3	NOTKW
pleased	26	145	252.43	201.11	21.38	1.08	22.63	NOTKW
prominent	26	145	252.43	201.11	21.38	1.08	22.63	NOTKW
stern	4	15	38.83	20.8	2.38	1.08	60.47	NOTKW
past	9	89	87.38	123.44	12.25	1.07	-34.21	NOTKW
man	69	422	669.9	585.3	61.38	1.05	13.48	NOTKW
additional	4	46	38.83	63.8	6.25	1.04	-48.65	NOTKW
group	23	127	223.3	176.14	18.75	1.04	23.61	NOTKW
separate	15	78	145.63	108.18	11.62	1.04	29.51	NOTKW
action	12	113	116.5	156.73	15.62	1.03	-29.44	NOTKW
red-orange	8	37	77.67	51.32	5.62	1.03	40.86	NOTKW
backdrop	8	80	77.67	110.96	11.0	1.02	-35.29	NOTKW
bring	32	184	310.68	255.2	27.0	1.01	19.61	NOTKW
cap.	6	26	58.25	36.06	4.0	1.01	47.06	NOTKW
coat	9	88	87.38	122.05	12.12	1.0	-33.11	NOTKW
liquid	9	88	87.38	122.05	12.12	1.0	-33.11	NOTKW
track	9	43	87.38	59.64	6.5	1.0	37.74	NOTKW
hang	28	238	271.84	330.1	33.25	0.99	-19.35	NOTKW
bathroom	10	49	97.09	67.96	7.38	0.98	35.29	NOTKW
lie	23	199	223.3	276.01	27.75	0.98	-21.11	NOTKW
overhead	10	96	97.09	133.15	13.25	0.98	-31.33	NOTKW
belt	5	54	48.54	74.9	7.38	0.97	-42.7	NOTKW
curtain	12	112	116.5	155.34	15.5	0.97	-28.57	NOTKW
fall	12	112	116.5	155.34	15.5	0.97	-28.57	NOTKW
go	5	54	48.54	74.9	7.38	0.97	-42.7	NOTKW
landscape	11	104	106.8	144.24	14.38	0.97	-29.83	NOTKW
like	5	54	48.54	74.9	7.38	0.97	-42.7	NOTKW
stage	7	71	67.96	98.47	9.75	0.97	-36.67	NOTKW
angle	29	166	281.55	230.24	24.38	0.95	20.05	NOTKW
closed	5	21	48.54	29.13	3.25	0.95	50.0	NOTKW
delighted	7	32	67.96	44.38	4.88	0.95	41.98	NOTKW
direct	12	61	116.5	84.6	9.12	0.95	31.72	NOTKW
flank	5	21	48.54	29.13	3.25	0.95	50.0	NOTKW
withdraw	5	21	48.54	29.13	3.25	0.95	50.0	NOTKW
case	4	45	38.83	62.41	6.12	0.94	-46.58	NOTKW
horizon	4	45	38.83	62.41	6.12	0.94	-46.58	NOTKW
present	48	288	466.02	399.45	42.0	0.94	15.38	NOTKW
surround	27	229	262.14	317.61	32.0	0.94	-19.14	NOTKW
wipe	4	45	38.83	62.41	6.12	0.94	-46.58	NOTKW
deep	9	87	87.38	120.67	12.0	0.93	-32.0	NOTKW
ground	9	87	87.38	120.67	12.0	0.93	-32.0	NOTKW
above	6	62	58.25	85.99	8.5	0.92	-38.46	NOTKW
bottle	21	182	203.88	252.43	25.38	0.91	-21.28	NOTKW
shrub	8	38	77.67	52.7	5.75	0.91	38.3	NOTKW
connect	9	44	87.38	61.03	6.62	0.89	35.51	NOTKW
driving	4	16	38.83	22.19	2.5	0.89	54.55	NOTKW
hanging	4	16	38.83	22.19	2.5	0.89	54.55	NOTKW
mother	4	16	38.83	22.19	2.5	0.89	54.55	NOTKW
regular	4	16	38.83	22.19	2.5	0.89	54.55	NOTKW
steer	4	16	38.83	22.19	2.5	0.89	54.55	NOTKW
expose	5	53	48.54	73.51	7.25	0.88	-40.91	NOTKW
gray	26	220	252.43	305.13	30.75	0.88	-18.91	NOTKW
cream	13	68	126.21	94.31	10.12	0.87	28.93	NOTKW
decorate	11	56	106.8	77.67	8.38	0.87	31.58	NOTKW
speak	33	193	320.39	267.68	28.25	0.87	17.92	NOTKW
suggest	41	334	398.06	463.25	46.88	0.87	-15.14	NOTKW
field	9	86	87.38	119.28	11.88	0.86	-30.87	NOTKW
react	20	111	194.17	153.95	16.38	0.86	23.11	NOTKW
bang	4	44	38.83	61.03	6.0	0.85	-44.44	NOTKW
book	4	44	38.83	61.03	6.0	0.85	-44.44	NOTKW
fence	4	44	38.83	61.03	6.0	0.85	-44.44	NOTKW
hat	19	105	184.47	145.63	15.5	0.85	23.53	NOTKW
torso	4	44	38.83	61.03	6.0	0.85	-44.44	NOTKW
comparison	6	61	58.25	84.6	8.38	0.84	-36.89	NOTKW
ride	6	61	58.25	84.6	8.38	0.84	-36.89	NOTKW
stop	6	61	58.25	84.6	8.38	0.84	-36.89	NOTKW
lawn	7	33	67.96	45.77	5.0	0.83	39.02	NOTKW
check	7	69	67.96	95.7	9.5	0.82	-33.9	NOTKW
tuck	7	69	67.96	95.7	9.5	0.82	-33.9	NOTKW
several	51	311	495.15	431.35	45.25	0.81	13.77	NOTKW
rush	5	52	48.54	72.12	7.12	0.8	-39.08	NOTKW
street	15	81	145.63	112.34	12.0	0.8	25.81	NOTKW
symbol	5	52	48.54	72.12	7.12	0.8	-39.08	NOTKW
arrangement	14	75	135.92	104.02	11.12	0.79	26.59	NOTKW
ball	9	45	87.38	62.41	6.75	0.79	33.33	NOTKW
confident	12	109	116.5	151.18	15.12	0.79	-25.91	NOTKW
feeling	5	22	48.54	30.51	3.38	0.79	45.61	NOTKW
foot	9	85	87.38	117.89	11.75	0.79	-29.73	NOTKW
grass	14	75	135.92	104.02	11.12	0.79	26.59	NOTKW
illuminate	5	22	48.54	30.51	3.38	0.79	45.61	NOTKW
lid	13	69	126.21	95.7	10.25	0.79	27.5	NOTKW
middle	26	150	252.43	208.04	22.0	0.79	19.28	NOTKW
mood	5	22	48.54	30.51	3.38	0.79	45.61	NOTKW
painted	5	22	48.54	30.51	3.38	0.79	45.61	NOTKW
push	11	101	106.8	140.08	14.0	0.79	-26.97	NOTKW
suit	19	164	184.47	227.46	22.88	0.79	-20.88	NOTKW
sweep	10	93	97.09	128.99	12.88	0.79	-28.22	NOTKW
grid	10	51	97.09	70.74	7.62	0.78	31.4	NOTKW
live	6	60	58.25	83.22	8.25	0.77	-35.29	NOTKW
loop	4	43	38.83	59.64	5.88	0.76	-42.25	NOTKW
reinforce	24	138	233.01	191.4	20.25	0.76	19.61	NOTKW
rotate	4	43	38.83	59.64	5.88	0.76	-42.25	NOTKW
bead	6	28	58.25	38.83	4.25	0.74	40.0	NOTKW
cabin	6	28	58.25	38.83	4.25	0.74	40.0	NOTKW
member	6	28	58.25	38.83	4.25	0.74	40.0	NOTKW
polished	14	124	135.92	171.98	17.25	0.74	-23.42	NOTKW
quick	6	28	58.25	38.83	4.25	0.74	40.0	NOTKW
respond	6	28	58.25	38.83	4.25	0.74	40.0	NOTKW
spread	25	209	242.72	289.88	29.25	0.74	-17.71	NOTKW
band	12	108	116.5	149.79	15.0	0.73	-25.0	NOTKW
diagram	4	17	38.83	23.58	2.62	0.73	48.89	NOTKW
great	4	17	38.83	23.58	2.62	0.73	48.89	NOTKW
people	18	155	174.76	214.98	21.62	0.73	-20.64	NOTKW
use	27	224	262.14	310.68	31.38	0.73	-16.95	NOTKW
variety	4	17	38.83	23.58	2.62	0.73	48.89	NOTKW
warm-toned	4	17	38.83	23.58	2.62	0.73	48.89	NOTKW
coffee	5	51	48.54	70.74	7.0	0.72	-37.21	NOTKW
dim	14	76	135.92	105.41	11.25	0.72	25.29	NOTKW
pale	80	505	776.7	700.42	73.12	0.72	10.33	NOTKW
scattered	5	51	48.54	70.74	7.0	0.72	-37.21	NOTKW
container	18	101	174.76	140.08	14.88	0.71	22.03	NOTKW
opening	24	139	233.01	192.79	20.38	0.7	18.89	NOTKW
right	94	599	912.62	830.79	86.62	0.7	9.39	NOTKW
brush	6	59	58.25	81.83	8.12	0.69	-33.66	NOTKW
start	6	59	58.25	81.83	8.12	0.69	-33.66	NOTKW
sweater	17	95	165.05	131.76	14.0	0.69	22.43	NOTKW
earring	7	67	67.96	92.93	9.25	0.68	-31.03	NOTKW
open	74	573	718.45	794.73	80.88	0.68	-10.08	NOTKW
waist	7	67	67.96	92.93	9.25	0.68	-31.03	NOTKW
change	58	361	563.11	500.69	52.38	0.67	11.73	NOTKW
dust	4	42	38.83	58.25	5.75	0.67	-40.0	NOTKW
girl	11	99	106.8	137.31	13.75	0.67	-25.0	NOTKW
headlight	8	75	77.67	104.02	10.38	0.67	-29.01	NOTKW
stain	4	42	38.83	58.25	5.75	0.67	-40.0	NOTKW
strip	10	91	97.09	126.21	12.62	0.67	-26.09	NOTKW
cheese	5	23	48.54	31.9	3.5	0.66	41.38	NOTKW
script	9	83	87.38	115.12	11.5	0.66	-27.4	NOTKW
tooth	5	23	48.54	31.9	3.5	0.66	41.38	NOTKW
uncertain	5	23	48.54	31.9	3.5	0.66	41.38	NOTKW
vary	5	23	48.54	31.9	3.5	0.66	41.38	NOTKW
border	18	102	174.76	141.47	15.0	0.65	21.05	NOTKW
panel	43	263	417.48	364.77	38.25	0.65	13.48	NOTKW
posture	15	130	145.63	180.31	18.12	0.65	-21.28	NOTKW
distant	5	50	48.54	69.35	6.88	0.64	-35.29	NOTKW
phrase	5	50	48.54	69.35	6.88	0.64	-35.29	NOTKW
black	85	542	825.24	751.73	78.38	0.63	9.32	NOTKW
blur	26	214	252.43	296.81	30.0	0.63	-16.16	NOTKW
fingertip	6	29	58.25	40.22	4.38	0.63	36.62	NOTKW
park	20	115	194.17	159.5	16.88	0.63	19.61	NOTKW
shop	6	29	58.25	40.22	4.38	0.63	36.62	NOTKW
switch	6	29	58.25	40.22	4.38	0.63	36.62	NOTKW
cup	12	106	116.5	147.02	14.75	0.62	-23.16	NOTKW
rest	43	264	417.48	366.16	38.38	0.62	13.1	NOTKW
soften	6	58	58.25	80.44	8.0	0.62	-32.0	NOTKW
step	25	206	242.72	285.71	28.88	0.62	-16.27	NOTKW
draw	19	109	184.47	151.18	16.0	0.61	19.83	NOTKW
finished	8	41	77.67	56.87	6.12	0.61	30.93	NOTKW
lip	10	53	97.09	73.51	7.88	0.61	27.64	NOTKW
tilt	19	160	184.47	221.91	22.38	0.61	-18.43	NOTKW
time	11	98	106.8	135.92	13.62	0.61	-24.0	NOTKW
transition	7	35	67.96	48.54	5.25	0.61	33.33	NOTKW
desk	8	74	77.67	102.64	10.25	0.6	-27.69	NOTKW
arm	40	318	388.35	441.05	44.75	0.59	-12.71	NOTKW
colorful	14	121	135.92	167.82	16.88	0.59	-21.0	NOTKW
lean	63	397	611.65	550.62	57.5	0.59	10.5	NOTKW
nose	14	78	135.92	108.18	11.5	0.59	22.73	NOTKW
airplane	4	18	38.83	24.97	2.75	0.58	43.48	NOTKW
boat	4	18	38.83	24.97	2.75	0.58	43.48	NOTKW
concerned	4	18	38.83	24.97	2.75	0.58	43.48	NOTKW
display	69	437	669.9	606.1	63.25	0.58	10.0	NOTKW
interest	4	18	38.83	24.97	2.75	0.58	43.48	NOTKW
magazine	4	18	38.83	24.97	2.75	0.58	43.48	NOTKW
meet	4	18	38.83	24.97	2.75	0.58	43.48	NOTKW
seating	4	18	38.83	24.97	2.75	0.58	43.48	NOTKW
rounded	35	213	339.81	295.42	31.0	0.57	13.97	NOTKW
shift	65	502	631.07	696.26	70.88	0.57	-9.82	NOTKW
cool	5	49	48.54	67.96	6.75	0.56	-33.33	NOTKW
railing	5	49	48.54	67.96	6.75	0.56	-33.33	NOTKW
shine	5	49	48.54	67.96	6.75	0.56	-33.33	NOTKW
base	9	81	87.38	112.34	11.25	0.55	-25.0	NOTKW
curve	23	189	223.3	262.14	26.5	0.55	-16.0	NOTKW
food	10	89	97.09	123.44	12.38	0.55	-23.9	NOTKW
vivid	6	57	58.25	79.06	7.88	0.55	-30.3	NOTKW
busy	15	85	145.63	117.89	12.5	0.54	21.05	NOTKW
empty	7	65	67.96	90.15	9.0	0.54	-28.07	NOTKW
flower	15	85	145.63	117.89	12.5	0.54	21.05	NOTKW
mount	10	54	97.09	74.9	8.0	0.54	25.81	NOTKW
rectangle	5	24	48.54	33.29	3.62	0.54	37.29	NOTKW
rise	25	204	242.72	282.94	28.62	0.54	-15.3	NOTKW
spell	7	65	67.96	90.15	9.0	0.54	-28.07	NOTKW
eat	9	48	87.38	66.57	7.12	0.53	27.03	NOTKW
study	9	48	87.38	66.57	7.12	0.53	27.03	NOTKW
towel	9	48	87.38	66.57	7.12	0.53	27.03	NOTKW
wooden	29	175	281.55	242.72	25.5	0.53	14.81	NOTKW
bent	6	30	58.25	41.61	4.5	0.52	33.33	NOTKW
way	12	104	116.5	144.24	14.5	0.52	-21.28	NOTKW
broad	18	150	174.76	208.04	21.0	0.51	-17.39	NOTKW
early	4	40	38.83	55.48	5.5	0.51	-35.29	NOTKW
row	25	203	242.72	281.55	28.5	0.51	-14.81	NOTKW
shade	4	40	38.83	55.48	5.5	0.51	-35.29	NOTKW
child	17	142	165.05	196.95	19.88	0.5	-17.62	NOTKW
moment	20	165	194.17	228.85	23.12	0.5	-16.39	NOTKW
brand	26	210	252.43	291.26	29.5	0.49	-14.29	NOTKW
counter	19	157	184.47	217.75	22.0	0.49	-16.55	NOTKW
fabric	8	72	77.67	99.86	10.0	0.49	-25.0	NOTKW
golden	9	80	87.38	110.96	11.12	0.49	-23.78	NOTKW
someone	15	86	145.63	119.28	12.62	0.49	19.9	NOTKW
dot	6	56	58.25	77.67	7.75	0.48	-28.57	NOTKW
entrance	6	56	58.25	77.67	7.75	0.48	-28.57	NOTKW
knee	6	56	58.25	77.67	7.75	0.48	-28.57	NOTKW
pause	7	64	67.96	88.77	8.88	0.48	-26.55	NOTKW
textured	7	64	67.96	88.77	8.88	0.48	-26.55	NOTKW
clothing	12	103	116.5	142.86	14.38	0.47	-20.32	NOTKW
hill	10	55	97.09	76.28	8.12	0.47	24.0	NOTKW
pack	14	80	135.92	110.96	11.75	0.47	20.22	NOTKW
same	52	402	504.85	557.56	56.75	0.47	-9.92	NOTKW
concentrated	4	19	38.83	26.35	2.88	0.46	38.3	NOTKW
dangling	4	19	38.83	26.35	2.88	0.46	38.3	NOTKW
electronic	4	19	38.83	26.35	2.88	0.46	38.3	NOTKW
bar	10	87	97.09	120.67	12.12	0.45	-21.66	NOTKW
chin	9	49	87.38	67.96	7.25	0.45	25.0	NOTKW
spray	10	87	97.09	120.67	12.12	0.45	-21.66	NOTKW
square	23	138	223.3	191.4	20.12	0.45	15.38	NOTKW
bald	8	43	77.67	59.64	6.38	0.44	26.26	NOTKW
become	47	296	456.31	410.54	42.88	0.44	10.56	NOTKW
brace	7	37	67.96	51.32	5.5	0.44	27.91	NOTKW
cord	7	37	67.96	51.32	5.5	0.44	27.91	NOTKW
other	72	463	699.03	642.16	66.88	0.44	8.48	NOTKW
pump	5	25	48.54	34.67	3.75	0.44	33.33	NOTKW
road	13	110	126.21	152.57	15.38	0.44	-18.91	NOTKW
thin	16	133	155.34	184.47	18.62	0.44	-17.14	NOTKW
transparent	4	39	38.83	54.09	5.38	0.44	-32.84	NOTKW
wording	7	37	67.96	51.32	5.5	0.44	27.91	NOTKW
blonde	20	163	194.17	226.07	22.88	0.43	-15.18	NOTKW
bumper	6	31	58.25	43.0	4.62	0.43	30.14	NOTKW
exterior	6	31	58.25	43.0	4.62	0.43	30.14	NOTKW
gleam	6	31	58.25	43.0	4.62	0.43	30.14	NOTKW
play	12	68	116.5	94.31	10.0	0.43	21.05	NOTKW
pocket	5	47	48.54	65.19	6.5	0.43	-29.27	NOTKW
ripple	5	47	48.54	65.19	6.5	0.43	-29.27	NOTKW
tool	7	63	67.96	87.38	8.75	0.43	-25.0	NOTKW
bold	43	334	417.48	463.25	47.12	0.42	-10.39	NOTKW
lighting	11	62	106.8	85.99	9.12	0.42	21.58	NOTKW
stick	6	55	58.25	76.28	7.62	0.42	-26.8	NOTKW
contrast	10	86	97.09	119.28	12.0	0.4	-20.51	NOTKW
house	10	86	97.09	119.28	12.0	0.4	-20.51	NOTKW
ring	10	86	97.09	119.28	12.0	0.4	-20.51	NOTKW
handle	24	192	233.01	266.3	27.0	0.39	-13.33	NOTKW
stack	22	133	213.59	184.47	19.38	0.39	14.63	NOTKW
surprise	9	50	87.38	69.35	7.38	0.39	23.01	NOTKW
object	19	154	184.47	213.59	21.62	0.38	-14.63	NOTKW
return	52	398	504.85	552.01	56.25	0.38	-8.92	NOTKW
seat	42	265	407.77	367.55	38.38	0.38	10.38	NOTKW
aim	4	38	38.83	52.7	5.25	0.37	-30.3	NOTKW
dissolve	4	38	38.83	52.7	5.25	0.37	-30.3	NOTKW
dramatic	7	62	67.96	85.99	8.62	0.37	-23.42	NOTKW
finger	30	186	291.26	257.98	27.0	0.37	12.12	NOTKW
outside	11	93	106.8	128.99	13.0	0.37	-18.82	NOTKW
part	43	272	417.48	377.25	39.38	0.37	10.12	NOTKW
real	8	44	77.67	61.03	6.5	0.37	24.0	NOTKW
run	26	206	252.43	285.71	29.0	0.37	-12.37	NOTKW
striped	23	140	223.3	194.17	20.38	0.37	13.95	NOTKW
text	89	581	864.08	805.83	83.75	0.37	6.98	NOTKW
truck	4	38	38.83	52.7	5.25	0.37	-30.3	NOTKW
cloudy	5	46	48.54	63.8	6.38	0.36	-27.16	NOTKW
drape	6	54	58.25	74.9	7.5	0.36	-25.0	NOTKW
free	6	54	58.25	74.9	7.5	0.36	-25.0	NOTKW
include	42	324	407.77	449.38	45.75	0.36	-9.71	NOTKW
mountain	6	54	58.25	74.9	7.5	0.36	-25.0	NOTKW
rocky	5	46	48.54	63.8	6.38	0.36	-27.16	NOTKW
shape	39	302	378.64	418.86	42.62	0.36	-10.09	NOTKW
stone	6	54	58.25	74.9	7.5	0.36	-25.0	NOTKW
blade	4	20	38.83	27.74	3.0	0.35	33.33	NOTKW
checker	4	20	38.83	27.74	3.0	0.35	33.33	NOTKW
concentration	5	26	48.54	36.06	3.88	0.35	29.51	NOTKW
microphone	4	20	38.83	27.74	3.0	0.35	33.33	NOTKW
old-fashioned	6	32	58.25	44.38	4.75	0.35	27.03	NOTKW
ornament	5	26	48.54	36.06	3.88	0.35	29.51	NOTKW
red	65	420	631.07	582.52	60.62	0.35	8.0	NOTKW
reddish-brown	6	32	58.25	44.38	4.75	0.35	27.03	NOTKW
skin	15	123	145.63	170.6	17.25	0.35	-15.79	NOTKW
taillight	4	20	38.83	27.74	3.0	0.35	33.33	NOTKW
utensil	6	32	58.25	44.38	4.75	0.35	27.03	NOTKW
design	9	77	87.38	106.8	10.75	0.34	-20.0	NOTKW
glass	47	300	456.31	416.09	43.38	0.34	9.22	NOTKW
jacket	32	200	310.68	277.39	29.0	0.34	11.32	NOTKW
oval	15	89	145.63	123.44	13.0	0.34	16.49	NOTKW
stream	14	115	135.92	159.5	16.12	0.33	-15.96	NOTKW
uniform	12	70	116.5	97.09	10.25	0.33	18.18	NOTKW
begin	41	315	398.06	436.89	44.5	0.32	-9.3	NOTKW
daylight	7	61	67.96	84.6	8.5	0.32	-21.82	NOTKW
guide	7	61	67.96	84.6	8.5	0.32	-21.82	NOTKW
casual	6	53	58.25	73.51	7.38	0.31	-23.16	NOTKW
explain	11	64	106.8	88.77	9.38	0.31	18.44	NOTKW
give	38	241	368.93	334.26	34.88	0.31	9.86	NOTKW
rough	8	45	77.67	62.41	6.62	0.31	21.78	NOTKW
write	6	53	58.25	73.51	7.38	0.31	-23.16	NOTKW
decorative	14	114	135.92	158.11	16.0	0.3	-15.09	NOTKW
easy	4	37	38.83	51.32	5.12	0.3	-27.69	NOTKW
near	5	45	48.54	62.41	6.25	0.3	-25.0	NOTKW
quiet	5	45	48.54	62.41	6.25	0.3	-25.0	NOTKW
setup	4	37	38.83	51.32	5.12	0.3	-27.69	NOTKW
startle	4	37	38.83	51.32	5.12	0.3	-27.69	NOTKW
wind	4	37	38.83	51.32	5.12	0.3	-27.69	NOTKW
work	28	175	271.84	242.72	25.38	0.3	11.32	NOTKW
forehead	7	39	67.96	54.09	5.75	0.29	22.73	NOTKW
jar	7	39	67.96	54.09	5.75	0.29	22.73	NOTKW
young	45	343	436.89	475.73	48.5	0.29	-8.51	NOTKW
person	21	166	203.88	230.24	23.38	0.28	-12.14	NOTKW
puzzle	6	33	58.25	45.77	4.88	0.28	24.0	NOTKW
shoulder	42	269	407.77	373.09	38.88	0.28	8.88	NOTKW
take	19	151	184.47	209.43	21.25	0.28	-12.68	NOTKW
blue	67	438	650.49	607.49	63.12	0.27	6.84	NOTKW
bucket	5	27	48.54	37.45	4.0	0.27	25.81	NOTKW
cap	31	196	300.97	271.84	28.38	0.27	10.17	NOTKW
mirror	10	83	97.09	115.12	11.62	0.27	-16.99	NOTKW
short	45	342	436.89	474.34	48.38	0.27	-8.22	NOTKW
slim	9	52	87.38	72.12	7.62	0.27	19.13	NOTKW
sponge	5	27	48.54	37.45	4.0	0.27	25.81	NOTKW
trouser	10	83	97.09	115.12	11.62	0.27	-16.99	NOTKW
wood	9	52	87.38	72.12	7.62	0.27	19.13	NOTKW
bundle	4	21	38.83	29.13	3.12	0.26	28.57	NOTKW
cut	17	104	165.05	144.24	15.12	0.26	13.45	NOTKW
gentle	4	21	38.83	29.13	3.12	0.26	28.57	NOTKW
number	14	113	135.92	156.73	15.88	0.26	-14.22	NOTKW
readable	11	65	106.8	90.15	9.5	0.26	16.9	NOTKW
replace	4	21	38.83	29.13	3.12	0.26	28.57	NOTKW
slogan	13	78	126.21	108.18	11.38	0.26	15.38	NOTKW
smooth	26	202	252.43	280.17	28.5	0.26	-10.42	NOTKW
indoor	5	44	48.54	61.03	6.12	0.25	-22.78	NOTKW
mound	5	44	48.54	61.03	6.12	0.25	-22.78	NOTKW
pad	5	44	48.54	61.03	6.12	0.25	-22.78	NOTKW
plant	15	120	145.63	166.44	16.88	0.25	-13.33	NOTKW
whole	5	44	48.54	61.03	6.12	0.25	-22.78	NOTKW
curb	4	36	38.83	49.93	5.0	0.24	-25.0	NOTKW
different	18	142	174.76	196.95	20.0	0.24	-11.94	NOTKW
passenger	10	59	97.09	81.83	8.62	0.24	17.05	NOTKW
slow	4	36	38.83	49.93	5.0	0.24	-25.0	NOTKW
camera	7	40	67.96	55.48	5.88	0.23	20.22	NOTKW
dry	7	59	67.96	81.83	8.25	0.23	-18.52	NOTKW
full	21	164	203.88	227.46	23.12	0.23	-10.93	NOTKW
hazy	7	40	67.96	55.48	5.88	0.23	20.22	NOTKW
hover	7	59	67.96	81.83	8.25	0.23	-18.52	NOTKW
size	7	40	67.96	55.48	5.88	0.23	20.22	NOTKW
clothes	11	66	106.8	91.54	9.62	0.22	15.38	NOTKW
commercial	66	491	640.78	681.0	69.62	0.22	-6.09	NOTKW
dense	9	74	87.38	102.64	10.38	0.22	-16.06	NOTKW
good	9	53	87.38	73.51	7.75	0.22	17.24	NOTKW
match	20	125	194.17	173.37	18.12	0.22	11.32	NOTKW
metal	31	198	300.97	274.62	28.62	0.22	9.16	NOTKW
slope	6	34	58.25	47.16	5.0	0.22	21.05	NOTKW
background	88	649	854.37	900.14	92.12	0.21	-5.22	NOTKW
emphasize	39	295	378.64	409.15	41.75	0.21	-7.75	NOTKW
form	23	178	223.3	246.88	25.12	0.21	-10.03	NOTKW
hip	6	51	58.25	70.74	7.12	0.21	-19.35	NOTKW
pair	11	89	106.8	123.44	12.5	0.21	-14.46	NOTKW
studio	13	104	126.21	144.24	14.62	0.21	-13.33	NOTKW
animated	14	111	135.92	153.95	15.62	0.2	-12.44	NOTKW
bounce	5	43	48.54	59.64	6.0	0.2	-20.51	NOTKW
dirt	5	43	48.54	59.64	6.0	0.2	-20.51	NOTKW
ear	14	86	135.92	119.28	12.5	0.2	13.04	NOTKW
fender	5	28	48.54	38.83	4.12	0.2	22.22	NOTKW
few	5	43	48.54	59.64	6.0	0.2	-20.51	NOTKW
horizontal	16	99	155.34	137.31	14.38	0.2	12.32	NOTKW
household	5	43	48.54	59.64	6.0	0.2	-20.51	NOTKW
item	22	170	213.59	235.78	24.0	0.2	-9.88	NOTKW
left	84	558	815.53	773.93	80.25	0.2	5.24	NOTKW
outdoor	19	119	184.47	165.05	17.25	0.2	11.11	NOTKW
package	24	185	233.01	256.59	26.12	0.2	-9.63	NOTKW
plastic	10	81	97.09	112.34	11.38	0.2	-14.57	NOTKW
simple	24	152	233.01	210.82	22.0	0.2	10.0	NOTKW
windshield	10	60	97.09	83.22	8.75	0.2	15.38	NOTKW
cliff	4	22	38.83	30.51	3.25	0.19	24.0	NOTKW
diagonal	4	35	38.83	48.54	4.88	0.19	-22.22	NOTKW
effect	4	22	38.83	30.51	3.25	0.19	24.0	NOTKW
faucet	4	35	38.83	48.54	4.88	0.19	-22.22	NOTKW
head	48	359	466.02	497.92	50.88	0.19	-6.62	NOTKW
marker	4	22	38.83	30.51	3.25	0.19	24.0	NOTKW
receive	4	22	38.83	30.51	3.25	0.19	24.0	NOTKW
tie	32	206	310.68	285.71	29.75	0.19	8.37	NOTKW
wheel	17	133	165.05	184.47	18.75	0.19	-11.11	NOTKW
wrapper	4	22	38.83	30.51	3.25	0.19	24.0	NOTKW
focus	46	301	446.6	417.48	43.38	0.18	6.74	NOTKW
foreground	49	321	475.73	445.21	46.25	0.18	6.63	NOTKW
lay	7	41	67.96	56.87	6.0	0.18	17.78	NOTKW
side	97	648	941.75	898.75	93.12	0.18	4.67	NOTKW
similar	7	41	67.96	56.87	6.0	0.18	17.78	NOTKW
slide	24	184	233.01	255.2	26.0	0.18	-9.09	NOTKW
turn	68	450	660.19	624.13	64.75	0.18	5.62	NOTKW
wait	7	41	67.96	56.87	6.0	0.18	17.78	NOTKW
body	41	307	398.06	425.8	43.5	0.17	-6.73	NOTKW
close	87	581	844.66	805.83	83.5	0.17	4.71	NOTKW
end	68	451	660.19	625.52	64.88	0.17	5.39	NOTKW
figure	19	147	184.47	203.88	20.75	0.17	-10.0	NOTKW
flat	17	132	165.05	183.08	18.62	0.17	-10.36	NOTKW
letter	48	315	466.02	436.89	45.38	0.17	6.45	NOTKW
plate	14	110	135.92	152.57	15.5	0.17	-11.54	NOTKW
relax	29	187	281.55	259.36	27.0	0.17	8.21	NOTKW
settle	17	132	165.05	183.08	18.62	0.17	-10.36	NOTKW
shelf	19	147	184.47	203.88	20.75	0.17	-10.0	NOTKW
table	32	242	310.68	335.64	34.25	0.17	-7.73	NOTKW
tree	22	169	213.59	234.4	23.88	0.17	-9.29	NOTKW
word	53	394	514.56	546.46	55.88	0.17	-6.01	NOTKW
create	17	107	165.05	148.4	15.5	0.16	10.62	NOTKW
crouch	8	65	77.67	90.15	9.12	0.16	-14.88	NOTKW
dial	6	35	58.25	48.54	5.12	0.16	18.18	NOTKW
introduce	6	35	58.25	48.54	5.12	0.16	18.18	NOTKW
overlap	5	42	48.54	58.25	5.88	0.16	-18.18	NOTKW
rim	8	65	77.67	90.15	9.12	0.16	-14.88	NOTKW
section	17	107	165.05	148.4	15.5	0.16	10.62	NOTKW
setting	52	343	504.85	475.73	49.38	0.16	5.94	NOTKW
straight	10	61	97.09	84.6	8.88	0.16	13.74	NOTKW
tire	8	48	77.67	66.57	7.0	0.16	15.38	NOTKW
uneven	6	35	58.25	48.54	5.12	0.16	18.18	NOTKW
bag	13	102	126.21	141.47	14.38	0.15	-11.4	NOTKW
next	18	114	174.76	158.11	16.5	0.15	10.0	NOTKW
prepare	9	72	87.38	99.86	10.12	0.15	-13.33	NOTKW
press	29	219	281.55	303.74	31.0	0.15	-7.58	NOTKW
try	7	57	67.96	79.06	8.0	0.15	-15.09	NOTKW
viewer	41	269	398.06	373.09	38.75	0.15	6.47	NOTKW
bite	7	42	67.96	58.25	6.12	0.14	15.38	NOTKW
blow	4	34	38.83	47.16	4.75	0.14	-19.35	NOTKW
board	9	55	87.38	76.28	8.0	0.14	13.56	NOTKW
cheerful	11	68	106.8	94.31	9.88	0.14	12.41	NOTKW
fluffy	5	29	48.54	40.22	4.25	0.14	18.75	NOTKW
leave	50	370	485.44	513.18	52.5	0.14	-5.56	NOTKW
lounge	4	34	38.83	47.16	4.75	0.14	-19.35	NOTKW
lower	33	215	320.39	298.2	31.0	0.14	7.17	NOTKW
move	80	585	776.7	811.37	83.12	0.14	-4.37	NOTKW
bow	12	75	116.5	104.02	10.88	0.13	11.32	NOTKW
finish	8	64	77.67	88.77	9.0	0.13	-13.33	NOTKW
giant	4	23	38.83	31.9	3.38	0.13	19.61	NOTKW
help	6	49	58.25	67.96	6.88	0.13	-15.38	NOTKW
laugh	12	75	116.5	104.02	10.88	0.13	11.32	NOTKW
male-presenting	4	23	38.83	31.9	3.38	0.13	19.61	NOTKW
saucer	4	23	38.83	31.9	3.38	0.13	19.61	NOTKW
spoon	6	49	58.25	67.96	6.88	0.13	-15.38	NOTKW
talk	10	79	97.09	109.57	11.12	0.13	-12.08	NOTKW
texture	6	49	58.25	67.96	6.88	0.13	-15.38	NOTKW
traffic	4	23	38.83	31.9	3.38	0.13	19.61	NOTKW
wavy	6	49	58.25	67.96	6.88	0.13	-15.38	NOTKW
wide	42	312	407.77	432.73	44.25	0.13	-5.94	NOTKW
big	10	62	97.09	85.99	9.0	0.12	12.12	NOTKW
brow	6	36	58.25	49.93	5.25	0.12	15.38	NOTKW
fruit	5	41	48.54	56.87	5.75	0.12	-15.79	NOTKW
heavy	13	82	126.21	113.73	11.88	0.12	10.4	NOTKW
hug	6	36	58.25	49.93	5.25	0.12	15.38	NOTKW
offer	9	71	87.38	98.47	10.0	0.12	-11.94	NOTKW
reappear	19	122	184.47	169.21	17.62	0.12	8.63	NOTKW
red-and-white	6	36	58.25	49.93	5.25	0.12	15.38	NOTKW
repeat	6	36	58.25	49.93	5.25	0.12	15.38	NOTKW
single	9	71	87.38	98.47	10.0	0.12	-11.94	NOTKW
address	11	69	106.8	95.7	10.0	0.11	10.96	NOTKW
attentive	7	56	67.96	77.67	7.88	0.11	-13.33	NOTKW
block	25	163	242.72	226.07	23.5	0.11	7.1	NOTKW
card	10	78	97.09	108.18	11.0	0.11	-10.81	NOTKW
edge	45	332	436.89	460.47	47.12	0.11	-5.26	NOTKW
label	50	368	485.44	510.4	52.25	0.11	-5.01	NOTKW
lamp	15	115	145.63	159.5	16.25	0.11	-9.09	NOTKW
more	39	258	378.64	357.84	37.12	0.11	5.65	NOTKW
reflective	14	89	135.92	123.44	12.88	0.11	9.63	NOTKW
white	97	704	941.75	976.42	100.12	0.11	-3.62	NOTKW
aisle	5	30	48.54	41.61	4.38	0.1	15.38	NOTKW
animate	5	30	48.54	41.61	4.38	0.1	15.38	NOTKW
boot	5	30	48.54	41.61	4.38	0.1	15.38	NOTKW
car	20	151	194.17	209.43	21.38	0.1	-7.56	NOTKW
chrome	8	63	77.67	87.38	8.88	0.1	-11.76	NOTKW
enjoy	4	33	38.83	45.77	4.62	0.1	-16.39	NOTKW
eye	40	265	388.35	367.55	38.12	0.1	5.5	NOTKW
fixture	5	30	48.54	41.61	4.38	0.1	15.38	NOTKW
green	47	313	456.31	434.12	45.0	0.1	4.98	NOTKW
inside	13	100	126.21	138.7	14.12	0.1	-9.42	NOTKW
lens	5	30	48.54	41.61	4.38	0.1	15.38	NOTKW
roofline	5	30	48.54	41.61	4.38	0.1	15.38	NOTKW
slant	4	33	38.83	45.77	4.62	0.1	-16.39	NOTKW
spot	6	48	58.25	66.57	6.75	0.1	-13.33	NOTKW
strong	6	48	58.25	66.57	6.75	0.1	-13.33	NOTKW
surface	50	367	485.44	509.02	52.12	0.1	-4.74	NOTKW
swirl	6	48	58.25	66.57	6.75	0.1	-13.33	NOTKW
beam	7	55	67.96	76.28	7.75	0.09	-11.54	NOTKW
expression	63	459	611.65	636.62	65.25	0.09	-4.0	NOTKW
foam	7	55	67.96	76.28	7.75	0.09	-11.54	NOTKW
hide	7	55	67.96	76.28	7.75	0.09	-11.54	NOTKW
idea	8	50	77.67	69.35	7.25	0.09	11.32	NOTKW
large	101	685	980.58	950.07	98.25	0.09	3.16	NOTKW
resemble	7	55	67.96	76.28	7.75	0.09	-11.54	NOTKW
seem	7	55	67.96	76.28	7.75	0.09	-11.54	NOTKW
thick	22	165	213.59	228.85	23.38	0.09	-6.9	NOTKW
atmosphere	9	57	87.38	79.06	8.25	0.08	10.0	NOTKW
baby	4	24	38.83	33.29	3.5	0.08	15.38	NOTKW
build	8	62	77.67	85.99	8.75	0.08	-10.17	NOTKW
door	26	193	252.43	267.68	27.38	0.08	-5.87	NOTKW
enormous	4	24	38.83	33.29	3.5	0.08	15.38	NOTKW
gather	18	135	174.76	187.24	19.12	0.08	-6.9	NOTKW
grille	11	84	106.8	116.5	11.88	0.08	-8.7	NOTKW
hairstyle	4	24	38.83	33.29	3.5	0.08	15.38	NOTKW
lane	5	40	48.54	55.48	5.62	0.08	-13.33	NOTKW
lead	8	62	77.67	85.99	8.75	0.08	-10.17	NOTKW
main	9	57	87.38	79.06	8.25	0.08	10.0	NOTKW
point	31	229	300.97	317.61	32.5	0.08	-5.38	NOTKW
portrait	6	37	58.25	51.32	5.38	0.08	12.66	NOTKW
price	9	57	87.38	79.06	8.25	0.08	10.0	NOTKW
steering	9	57	87.38	79.06	8.25	0.08	10.0	NOTKW
tint	4	24	38.83	33.29	3.5	0.08	15.38	NOTKW
widen	20	131	194.17	181.69	18.88	0.08	6.64	NOTKW
cleaning	4	32	38.83	44.38	4.5	0.07	-13.33	NOTKW
fresh	4	32	38.83	44.38	4.5	0.07	-13.33	NOTKW
key	4	32	38.83	44.38	4.5	0.07	-13.33	NOTKW
long	49	357	475.73	495.15	50.75	0.07	-4.0	NOTKW
oversized	12	91	116.5	126.21	12.88	0.07	-8.0	NOTKW
pass	36	240	349.51	332.87	34.5	0.07	4.88	NOTKW
read	78	564	757.28	782.25	80.25	0.07	-3.24	NOTKW
throw	7	44	67.96	61.03	6.38	0.07	10.75	NOTKW
trim	17	111	165.05	153.95	16.0	0.07	6.96	NOTKW
wear	84	570	815.53	790.57	81.75	0.07	3.11	NOTKW
arrange	27	199	262.14	276.01	28.25	0.06	-5.15	NOTKW
drink	7	54	67.96	74.9	7.62	0.06	-9.71	NOTKW
grassy	5	31	48.54	43.0	4.5	0.06	12.12	NOTKW
lively	5	31	48.54	43.0	4.5	0.06	12.12	NOTKW
ocean	5	31	48.54	43.0	4.5	0.06	12.12	NOTKW
something	14	105	135.92	145.63	14.88	0.06	-6.9	NOTKW
surprised	5	31	48.54	43.0	4.5	0.06	12.12	NOTKW
button	12	90	116.5	124.83	12.75	0.05	-6.9	NOTKW
central	18	119	174.76	165.05	17.12	0.05	5.71	NOTKW
curly	17	112	165.05	155.34	16.12	0.05	6.06	NOTKW
dark	101	691	980.58	958.39	99.0	0.05	2.29	NOTKW
dark-haired	9	58	87.38	80.44	8.38	0.05	8.26	NOTKW
dining	5	39	48.54	54.09	5.5	0.05	-10.81	NOTKW
grow	13	97	126.21	134.54	13.75	0.05	-6.38	NOTKW
hard	6	38	58.25	52.7	5.5	0.05	10.0	NOTKW
hold	84	603	815.53	836.34	85.88	0.05	-2.52	NOTKW
interior	23	153	223.3	212.21	22.0	0.05	5.1	NOTKW
mix	6	38	58.25	52.7	5.5	0.05	10.0	NOTKW
movement	10	65	97.09	90.15	9.38	0.05	7.41	NOTKW
piece	25	167	242.72	231.62	24.0	0.05	4.68	NOTKW
absorb	4	31	38.83	43.0	4.38	0.04	-10.17	NOTKW
accessory	4	31	38.83	43.0	4.38	0.04	-10.17	NOTKW
cardigan	6	46	58.25	63.8	6.5	0.04	-9.09	NOTKW
darkness	4	25	38.83	34.67	3.62	0.04	11.32	NOTKW
exchange	4	25	38.83	34.67	3.62	0.04	11.32	NOTKW
extreme	4	31	38.83	43.0	4.38	0.04	-10.17	NOTKW
impression	4	25	38.83	34.67	3.62	0.04	11.32	NOTKW
instrument	4	25	38.83	34.67	3.62	0.04	11.32	NOTKW
intent	8	52	77.67	72.12	7.5	0.04	7.41	NOTKW
light	87	623	844.66	864.08	88.75	0.04	-2.27	NOTKW
light-skinned	12	79	116.5	109.57	11.38	0.04	6.13	NOTKW
lineup	4	31	38.83	43.0	4.38	0.04	-10.17	NOTKW
listen	7	45	67.96	62.41	6.5	0.04	8.51	NOTKW
neutral	4	31	38.83	43.0	4.38	0.04	-10.17	NOTKW
pot	4	31	38.83	43.0	4.38	0.04	-10.17	NOTKW
profile	19	140	184.47	194.17	19.88	0.04	-5.13	NOTKW
public	4	31	38.83	43.0	4.38	0.04	-10.17	NOTKW
ready	8	52	77.67	72.12	7.5	0.04	7.41	NOTKW
reflect	16	106	155.34	147.02	15.25	0.04	5.5	NOTKW
repeated	4	25	38.83	34.67	3.62	0.04	11.32	NOTKW
say	11	82	106.8	113.73	11.62	0.04	-6.29	NOTKW
scene	85	581	825.24	805.83	83.25	0.04	2.38	NOTKW
state	4	25	38.83	34.67	3.62	0.04	11.32	NOTKW
tray	10	75	97.09	104.02	10.62	0.04	-6.9	NOTKW
tube	7	45	67.96	62.41	6.5	0.04	8.51	NOTKW
upholster	4	25	38.83	34.67	3.62	0.04	11.32	NOTKW
wooded	4	25	38.83	34.67	3.62	0.04	11.32	NOTKW
attach	6	39	58.25	54.09	5.62	0.03	7.41	NOTKW
bend	26	176	252.43	244.11	25.25	0.03	3.35	NOTKW
blue-and-white	5	32	48.54	44.38	4.62	0.03	8.96	NOTKW
bob	6	45	58.25	62.41	6.38	0.03	-6.9	NOTKW
brick	6	45	58.25	62.41	6.38	0.03	-6.9	NOTKW
can	9	59	87.38	81.83	8.5	0.03	6.56	NOTKW
cloth	9	67	87.38	92.93	9.5	0.03	-6.15	NOTKW
decoration	5	38	48.54	52.7	5.38	0.03	-8.22	NOTKW
dish	8	60	77.67	83.22	8.5	0.03	-6.9	NOTKW
doorway	15	110	145.63	152.57	15.62	0.03	-4.65	NOTKW
grin	11	81	106.8	112.34	11.5	0.03	-5.06	NOTKW
hood	11	73	106.8	101.25	10.5	0.03	5.33	NOTKW
lap	6	45	58.25	62.41	6.38	0.03	-6.9	NOTKW
machine	8	60	77.67	83.22	8.5	0.03	-6.9	NOTKW
rack	6	39	58.25	54.09	5.62	0.03	7.41	NOTKW
satisfied	9	59	87.38	81.83	8.5	0.03	6.56	NOTKW
scrub	5	32	48.54	44.38	4.62	0.03	8.96	NOTKW
sleeveless	10	74	97.09	102.64	10.5	0.03	-5.56	NOTKW
smile	68	486	660.19	674.06	69.25	0.03	-2.08	NOTKW
upper	32	232	310.68	321.78	33.0	0.03	-3.51	NOTKW
view	95	653	922.33	905.69	93.5	0.03	1.82	NOTKW
basket	7	46	67.96	63.8	6.62	0.02	6.32	NOTKW
blend	7	52	67.96	72.12	7.38	0.02	-5.94	NOTKW
cartoon	7	46	67.96	63.8	6.62	0.02	6.32	NOTKW
elegant	4	30	38.83	41.61	4.25	0.02	-6.9	NOTKW
face	90	640	873.79	887.66	91.25	0.02	-1.57	NOTKW
feel	19	129	184.47	178.92	18.5	0.02	3.05	NOTKW
final	54	386	524.27	535.37	55.0	0.02	-2.09	NOTKW
fold	17	123	165.05	170.6	17.5	0.02	-3.31	NOTKW
front	85	604	825.24	837.73	86.12	0.02	-1.5	NOTKW
garden	4	30	38.83	41.61	4.25	0.02	-6.9	NOTKW
grip	15	109	145.63	151.18	15.5	0.02	-3.74	NOTKW
information	4	30	38.83	41.61	4.25	0.02	-6.9	NOTKW
layer	13	87	126.21	120.67	12.5	0.02	4.49	NOTKW
most	10	67	97.09	92.93	9.62	0.02	4.38	NOTKW
multiple	9	60	87.38	83.22	8.62	0.02	4.88	NOTKW
nearby	7	52	67.96	72.12	7.38	0.02	-5.94	NOTKW
paint	7	52	67.96	72.12	7.38	0.02	-5.94	NOTKW
palm	9	66	87.38	91.54	9.38	0.02	-4.65	NOTKW
player	7	46	67.96	63.8	6.62	0.02	6.32	NOTKW
remain	83	591	805.83	819.69	84.25	0.02	-1.71	NOTKW
reveal	29	209	281.55	289.88	29.75	0.02	-2.91	NOTKW
rock	7	46	67.96	63.8	6.62	0.02	6.32	NOTKW
shoreline	4	26	38.83	36.06	3.75	0.02	7.41	NOTKW
sink	10	67	97.09	92.93	9.62	0.02	4.38	NOTKW
soft	38	260	368.93	360.61	37.25	0.02	2.28	NOTKW
solid	4	26	38.83	36.06	3.75	0.02	7.41	NOTKW
stand	92	634	893.2	879.33	90.75	0.02	1.56	NOTKW
tight	7	52	67.96	72.12	7.38	0.02	-5.94	NOTKW
version	4	26	38.83	36.06	3.75	0.02	7.41	NOTKW
yard	4	30	38.83	41.61	4.25	0.02	-6.9	NOTKW
appear	102	708	990.29	981.97	101.25	0.01	0.84	NOTKW
arched	5	33	48.54	45.77	4.75	0.01	5.88	NOTKW
area	63	434	611.65	601.94	62.12	0.01	1.6	NOTKW
bottom	63	446	611.65	618.59	63.62	0.01	-1.13	NOTKW
branch	6	40	58.25	55.48	5.75	0.01	4.88	NOTKW
capital	11	79	106.8	109.57	11.25	0.01	-2.56	NOTKW
carry	25	179	242.72	248.27	25.5	0.01	-2.26	NOTKW
chest	35	240	339.81	332.87	34.38	0.01	2.06	NOTKW
close-up	26	178	252.43	246.88	25.5	0.01	2.22	NOTKW
compact	12	82	116.5	113.73	11.75	0.01	2.41	NOTKW
dashboard	6	40	58.25	55.48	5.75	0.01	4.88	NOTKW
detail	20	144	194.17	199.72	20.5	0.01	-2.82	NOTKW
drive	14	96	135.92	133.15	13.75	0.01	2.06	NOTKW
driver	12	86	116.5	119.28	12.25	0.01	-2.35	NOTKW
emblem	13	93	126.21	128.99	13.25	0.01	-2.17	NOTKW
eyebrow	6	44	58.25	61.03	6.25	0.01	-4.65	NOTKW
fill	83	586	805.83	812.76	83.62	0.01	-0.86	NOTKW
flare	7	51	67.96	70.74	7.25	0.01	-4.0	NOTKW
image	70	496	679.61	687.93	70.75	0.01	-1.22	NOTKW
join	5	33	48.54	45.77	4.75	0.01	5.88	NOTKW
link	6	44	58.25	61.03	6.25	0.01	-4.65	NOTKW
notice	5	37	48.54	51.32	5.25	0.01	-5.56	NOTKW
pile	11	75	106.8	104.02	10.75	0.01	2.63	NOTKW
playful	16	115	155.34	159.5	16.38	0.01	-2.64	NOTKW
pour	13	93	126.21	128.99	13.25	0.01	-2.17	NOTKW
product	67	464	650.49	643.55	66.38	0.01	1.07	NOTKW
roadside	5	37	48.54	51.32	5.25	0.01	-5.56	NOTKW
round	48	332	466.02	460.47	47.5	0.01	1.2	NOTKW
second	11	74	106.8	102.64	10.62	0.01	3.97	NOTKW
show	91	644	883.5	893.2	91.88	0.01	-1.09	NOTKW
sit	85	589	825.24	816.92	84.25	0.01	1.01	NOTKW
small	98	695	951.46	963.94	99.12	0.01	-1.3	NOTKW
standing	14	101	135.92	140.08	14.38	0.01	-3.02	NOTKW
strap	8	58	77.67	80.44	8.25	0.01	-3.51	NOTKW
stroke	5	37	48.54	51.32	5.25	0.01	-5.56	NOTKW
top	78	541	757.28	750.35	77.38	0.01	0.92	NOTKW
travel	12	86	116.5	119.28	12.25	0.01	-2.35	NOTKW
trunk	6	44	58.25	61.03	6.25	0.01	-4.65	NOTKW
unit	6	40	58.25	55.48	5.75	0.01	4.88	NOTKW
visual	19	137	184.47	190.01	19.5	0.01	-2.96	NOTKW
woman	62	441	601.94	611.65	62.88	0.01	-1.6	NOTKW
1970s-style	5	0	48.54	0.0	0.62	0.0	200.0	NOTKW
accent	8	55	77.67	76.28	7.88	0.0	1.8	NOTKW
add	10	69	97.09	95.7	9.88	0.0	1.44	NOTKW
adult	58	409	563.11	567.27	58.38	0.0	-0.74	NOTKW
amber	6	41	58.25	56.87	5.88	0.0	2.41	NOTKW
appliance	5	35	48.54	48.54	5.0	0.0	0.0	NOTKW
bare	9	62	87.38	85.99	8.88	0.0	1.6	NOTKW
beach	4	29	38.83	40.22	4.12	0.0	-3.51	NOTKW
blank	4	28	38.83	38.83	4.0	0.0	0.0	NOTKW
boy	14	99	135.92	137.31	14.12	0.0	-1.02	NOTKW
brief	6	41	58.25	56.87	5.88	0.0	2.41	NOTKW
business	4	28	38.83	38.83	4.0	0.0	0.0	NOTKW
center	75	526	728.16	729.54	75.12	0.0	-0.19	NOTKW
cling	4	29	38.83	40.22	4.12	0.0	-3.51	NOTKW
comb	6	42	58.25	58.25	6.0	0.0	0.0	NOTKW
contain	7	48	67.96	66.57	6.88	0.0	2.06	NOTKW
conversation	4	29	38.83	40.22	4.12	0.0	-3.51	NOTKW
curious	5	35	48.54	48.54	5.0	0.0	0.0	NOTKW
cushion	6	43	58.25	59.64	6.12	0.0	-2.35	NOTKW
dance	6	41	58.25	56.87	5.88	0.0	2.41	NOTKW
demonstration	20	139	194.17	192.79	19.88	0.0	0.72	NOTKW
dip	5	35	48.54	48.54	5.0	0.0	0.0	NOTKW
direction	6	42	58.25	58.25	6.0	0.0	0.0	NOTKW
dress	35	247	339.81	342.58	35.25	0.0	-0.81	NOTKW
formal	7	50	67.96	69.35	7.12	0.0	-2.02	NOTKW
frame	43	301	417.48	417.48	43.0	0.0	0.0	NOTKW
gear	6	41	58.25	56.87	5.88	0.0	2.41	NOTKW
glowing	18	124	174.76	171.98	17.75	0.0	1.6	NOTKW
greenery	8	55	77.67	76.28	7.88	0.0	1.8	NOTKW
hair	74	522	718.45	723.99	74.5	0.0	-0.77	NOTKW
half	8	55	77.67	76.28	7.88	0.0	1.8	NOTKW
hand	91	632	883.5	876.56	90.38	0.0	0.79	NOTKW
heel	4	29	38.83	40.22	4.12	0.0	-3.51	NOTKW
isolate	4	28	38.83	38.83	4.0	0.0	0.0	NOTKW
layout	5	36	48.54	49.93	5.12	0.0	-2.82	NOTKW
let	5	36	48.54	49.93	5.12	0.0	-2.82	NOTKW
level	8	57	77.67	79.06	8.12	0.0	-1.77	NOTKW
lift	58	407	563.11	564.49	58.12	0.0	-0.25	NOTKW
light-brown	4	27	38.83	37.45	3.88	0.0	3.64	NOTKW
list	5	35	48.54	48.54	5.0	0.0	0.0	NOTKW
look	93	650	902.91	901.53	92.88	0.0	0.15	NOTKW
low	72	507	699.03	703.19	72.38	0.0	-0.59	NOTKW
metallic	6	42	58.25	58.25	6.0	0.0	0.0	NOTKW
name	40	278	388.35	385.58	39.75	0.0	0.72	NOTKW
only	5	36	48.54	49.93	5.12	0.0	-2.82	NOTKW
outfit	14	98	135.92	135.92	14.0	0.0	0.0	NOTKW
own	7	50	67.96	69.35	7.12	0.0	-2.02	NOTKW
photo	6	41	58.25	56.87	5.88	0.0	2.41	NOTKW
pin	4	27	38.83	37.45	3.88	0.0	3.64	NOTKW
pink	29	204	281.55	282.94	29.12	0.0	-0.49	NOTKW
please	7	48	67.96	66.57	6.88	0.0	2.06	NOTKW
position	18	128	174.76	177.53	18.25	0.0	-1.57	NOTKW
potted	6	42	58.25	58.25	6.0	0.0	0.0	NOTKW
raise	57	401	553.4	556.17	57.25	0.0	-0.5	NOTKW
recede	5	34	48.54	47.16	4.88	0.0	2.9	NOTKW
recline	6	42	58.25	58.25	6.0	0.0	0.0	NOTKW
reflection	11	77	106.8	106.8	11.0	0.0	0.0	NOTKW
sequence	7	49	67.96	67.96	7.0	0.0	0.0	NOTKW
serve	5	36	48.54	49.93	5.12	0.0	-2.82	NOTKW
set	44	308	427.18	427.18	44.0	0.0	0.0	NOTKW
shallow	4	29	38.83	40.22	4.12	0.0	-3.51	NOTKW
shirt	59	411	572.82	570.04	58.75	0.0	0.49	NOTKW
shower	4	27	38.83	37.45	3.88	0.0	3.64	NOTKW
sleeve	15	105	145.63	145.63	15.0	0.0	0.0	NOTKW
sneakers	4	28	38.83	38.83	4.0	0.0	0.0	NOTKW
star	4	29	38.83	40.22	4.12	0.0	-3.51	NOTKW
style	17	119	165.05	165.05	17.0	0.0	0.0	NOTKW
sunny	10	70	97.09	97.09	10.0	0.0	0.0	NOTKW
support	10	70	97.09	97.09	10.0	0.0	0.0	NOTKW
thoughtful	5	34	48.54	47.16	4.88	0.0	2.9	NOTKW
title	8	57	77.67	79.06	8.12	0.0	-1.77	NOTKW
underside	4	27	38.83	37.45	3.88	0.0	3.64	NOTKW
upright	35	242	339.81	335.64	34.62	0.0	1.23	NOTKW
visible	96	670	932.04	929.26	95.75	0.0	0.3	NOTKW
watch	34	236	330.1	327.32	33.75	0.0	0.84	NOTKW
