file_id	group_filename	decade	ver1	ver2	ver3	ver4	ver5	ver6	ver7	ver8	vis1	vis2	vis3	vis4	vis5	vis6	vis7	vis8
t000001	1950/tv_com_1950_1.txt	1950	1	-1	0	-3	0	1	2	2	1	0	1	1	2	1	1	1
t000002	1950/tv_com_1950_3.txt	1950	8	0	3	1	1	1	0	2	0	8	0	2	2	3	2	-1
t000003	1950/tv_com_1950_5.txt	1950	4	1	-1	-8	-1	0	2	0	1	0	2	0	2	0	5	0
t000004	1950/tv_com_1950_6.txt	1950	2	1	-1	-1	1	-6	-1	1	2	-1	3	1	3	0	3	0
t000005	1950/tv_com_1950_7.txt	1950	3	-1	1	-1	-1	1	0	2	1	0	0	3	0	0	2	0
t000006	1950/tv_com_1950_8.txt	1950	5	-1	-2	-2	0	-3	1	0	3	2	3	0	4	6	6	0
t000007	1950/tv_com_1950_9.txt	1950	2	-2	1	0	0	-1	0	0	0	0	-1	0	0	0	3	1
t000008	1950/tv_com_1950_10.txt	1950	3	-6	1	0	0	-1	-1	-1	1	3	1	1	8	0	0	0
t000009	1950/tv_com_1950_11.txt	1950	6	-1	2	-1	1	0	0	0	-1	1	1	4	3	0	2	0
t000010	1950/tv_com_1950_12.txt	1950	8	0	2	-3	1	-6	-2	0	6	3	0	0	5	-2	4	0
t000011	1950/tv_com_1950_13.txt	1950	2	0	2	-5	0	0	-1	0	3	4	5	0	1	2	4	1
t000012	1950/tv_com_1950_14.txt	1950	4	-2	0	0	1	-1	2	0	12	6	1	3	5	0	0	-1
t000013	1950/tv_com_1950_15.txt	1950	6	-2	0	-8	-1	0	0	0	0	2	2	0	0	-1	7	0
t000014	1950/tv_com_1950_16.txt	1950	6	0	1	-2	-1	1	1	0	2	1	4	-1	3	1	2	1
t000015	1950/tv_com_1950_18.txt	1950	-2	-1	-5	0	1	-1	0	0	1	0	3	0	3	1	9	0
t000016	1950/tv_com_1950_19.txt	1950	8	-1	-2	-2	-1	-1	1	1	2	1	2	2	8	2	6	0
t000017	1950/tv_com_1950_20.txt	1950	4	-1	0	-4	1	6	1	1	1	1	5	7	2	-1	4	0
t000018	1950/tv_com_1950_21.txt	1950	9	0	3	-4	-2	0	0	1	1	3	3	1	2	1	5	0
t000019	1950/tv_com_1950_22.txt	1950	3	0	-1	-1	3	-1	0	1	2	2	3	1	0	0	5	-1
t000020	1950/tv_com_1950_24.txt	1950	5	0	3	1	-2	-2	2	1	3	7	0	0	5	0	6	0
t000021	1950/tv_com_1950_25.txt	1950	3	-2	-1	2	0	1	-1	-1	4	-2	1	0	6	5	5	0
t000022	1950/tv_com_1950_26.txt	1950	11	-1	-1	0	0	8	0	0	1	5	1	3	5	0	3	0
t000023	1950/tv_com_1950_28.txt	1950	3	0	0	1	-3	3	0	-1	0	1	3	2	1	1	2	0
t000024	1950/tv_com_1950_29.txt	1950	7	1	2	-3	1	1	5	1	0	0	0	2	2	-1	2	2
t000025	1950/tv_com_1950_30.txt	1950	3	-3	0	0	0	2	0	1	2	1	3	0	2	2	0	1
t000026	1950/tv_com_1950_31.txt	1950	6	-1	0	-6	1	-1	2	1	1	1	2	0	1	0	2	2
t000027	1950/tv_com_1950_32.txt	1950	5	-1	-1	-1	-1	3	0	-2	6	-1	2	5	6	1	6	0
t000028	1950/tv_com_1950_33.txt	1950	5	0	-6	-1	-2	2	3	2	-2	1	1	-1	3	2	5	0
t000029	1950/tv_com_1950_34.txt	1950	4	0	2	-2	0	2	-1	4	-1	0	2	0	5	4	3	0
t000030	1950/tv_com_1950_35.txt	1950	4	1	0	-2	2	4	1	1	4	1	2	3	2	0	0	0
t000031	1950/tv_com_1950_36.txt	1950	5	-1	0	2	2	4	-1	4	0	2	0	0	0	2	9	0
t000032	1950/tv_com_1950_38.txt	1950	3	0	-2	0	-1	-1	0	1	-1	0	0	2	2	3	6	0
t000033	1950/tv_com_1950_39.txt	1950	3	-1	-1	-2	0	2	1	1	-2	2	3	2	1	0	4	0
t000034	1950/tv_com_1950_40.txt	1950	9	-3	0	-1	-3	2	0	-4	0	2	0	-1	3	4	4	1
t000035	1950/tv_com_1950_41.txt	1950	9	-2	0	1	0	4	5	6	0	0	2	-1	4	0	2	0
t000036	1950/tv_com_1950_42.txt	1950	3	3	6	0	0	0	-2	5	1	1	2	0	5	0	5	0
t000037	1950/tv_com_1950_43.txt	1950	4	0	0	-2	0	-4	1	3	-1	0	3	3	1	0	3	-1
t000038	1950/tv_com_1950_44.txt	1950	5	1	1	-3	0	-1	1	2	1	1	8	0	0	0	5	0
t000039	1950/tv_com_1950_45.txt	1950	8	0	0	-1	-1	3	-1	1	0	3	0	0	0	2	4	0
t000040	1950/tv_com_1950_46.txt	1950	6	-2	-2	0	-1	3	2	1	0	1	1	0	0	1	1	0
t000041	1950/tv_com_1950_47.txt	1950	3	0	0	-1	-1	1	1	2	5	1	3	1	5	0	5	-1
t000042	1950/tv_com_1950_48.txt	1950	9	-1	-2	-5	0	0	-1	0	-1	0	1	0	1	0	2	0
t000043	1950/tv_com_1950_49.txt	1950	6	1	0	1	0	-4	4	1	1	1	2	-2	4	0	7	-1
t000044	1950/tv_com_1950_50.txt	1950	4	6	2	1	1	-1	-1	1	-2	1	1	-3	7	-2	2	0
t000045	1950/tv_com_1950_51.txt	1950	4	0	0	0	0	3	0	-1	4	2	5	-1	2	2	4	-1
t000046	1950/tv_com_1950_52.txt	1950	10	4	1	3	-1	-2	0	4	2	7	3	-2	4	1	4	2
t000047	1950/tv_com_1950_53.txt	1950	7	-5	-1	-1	3	-7	0	3	2	2	0	0	8	0	2	1
t000048	1950/tv_com_1950_54.txt	1950	2	1	1	-1	-1	1	0	-1	1	1	0	-1	0	0	1	0
t000049	1950/tv_com_1950_55.txt	1950	3	-1	0	1	1	-3	0	5	-2	2	5	1	1	0	3	0
t000050	1950/tv_com_1950_57.txt	1950	7	0	2	2	-3	-2	-1	1	6	0	1	0	1	0	3	-1
t000051	1950/tv_com_1950_58.txt	1950	8	0	0	0	-5	2	0	-4	1	2	-1	2	1	1	3	1
t000052	1950/tv_com_1950_59.txt	1950	7	0	0	-3	-2	-3	-1	2	0	2	1	-2	1	0	7	-1
t000053	1950/tv_com_1950_60.txt	1950	6	-2	4	0	2	-2	0	0	19	-1	3	-4	5	0	10	-1
t000054	1950/tv_com_1950_61.txt	1950	8	0	-1	7	0	-1	0	3	3	3	0	2	7	0	3	1
t000055	1950/tv_com_1950_62.txt	1950	5	0	0	1	-1	0	-1	0	0	2	0	-2	0	0	2	-1
t000056	1950/tv_com_1950_63.txt	1950	7	0	0	-4	-2	1	1	3	2	1	1	2	3	0	3	1
t000057	1950/tv_com_1950_64.txt	1950	1	-1	1	0	-1	-1	0	0	3	0	3	0	-3	1	6	1
t000058	1950/tv_com_1950_66.txt	1950	7	1	-3	-6	0	-1	-1	1	1	2	1	0	4	2	9	1
t000059	1950/tv_com_1950_67.txt	1950	4	-1	2	1	0	2	2	2	0	2	1	1	1	1	6	0
t000060	1950/tv_com_1950_68.txt	1950	6	5	1	-2	0	-2	4	0	1	3	5	-7	1	1	6	0
t000061	1950/tv_com_1950_69.txt	1950	1	2	9	0	0	1	2	0	18	-1	0	-7	1	1	7	0
t000062	1950/tv_com_1950_70.txt	1950	11	8	2	0	-1	0	2	2	0	1	2	0	0	0	3	0
t000063	1950/tv_com_1950_71.txt	1950	8	-1	3	4	0	0	0	2	1	1	0	2	3	0	2	0
t000064	1950/tv_com_1950_72.txt	1950	6	6	3	4	-1	-2	2	-1	3	2	2	-3	0	1	4	-1
t000065	1950/tv_com_1950_73.txt	1950	5	7	-1	-2	1	0	1	2	-1	4	2	-7	0	-1	6	0
t000066	1950/tv_com_1950_74.txt	1950	7	6	4	2	1	-1	0	2	-2	4	1	-5	2	-1	2	0
t000067	1950/tv_com_1950_75.txt	1950	9	2	2	-3	0	0	-2	0	-1	4	1	-5	2	-1	1	0
t000068	1950/tv_com_1950_77.txt	1950	2	3	6	-1	0	-2	0	1	-1	-1	3	3	1	1	6	0
t000069	1950/tv_com_1950_78.txt	1950	8	-7	0	-1	0	-2	0	1	3	1	0	1	7	1	1	0
t000070	1950/tv_com_1950_79.txt	1950	1	0	0	-1	1	0	5	1	-1	1	1	0	0	0	4	0
t000071	1950/tv_com_1950_81.txt	1950	5	0	4	0	0	-3	0	-1	8	-1	1	0	0	1	1	0
t000072	1950/tv_com_1950_82.txt	1950	3	-1	1	1	-3	-2	0	2	9	2	1	4	4	2	9	-1
t000073	1950/tv_com_1950_83.txt	1950	4	0	3	-1	0	-3	0	-1	14	-1	6	0	2	0	3	0
t000074	1950/tv_com_1950_84.txt	1950	5	-2	3	2	3	1	2	-2	4	2	3	-1	4	3	3	0
t000075	1950/tv_com_1950_85.txt	1950	7	0	1	1	1	0	11	-1	1	0	1	0	1	1	4	-1
t000076	1950/tv_com_1950_86.txt	1950	12	0	0	1	0	4	-1	-2	3	1	2	5	4	1	8	0
t000077	1950/tv_com_1950_87.txt	1950	6	1	1	9	0	-2	0	1	15	3	5	3	1	0	8	-2
t000078	1950/tv_com_1950_89.txt	1950	6	-4	9	-1	0	1	-1	-1	10	2	3	0	5	3	4	-1
t000079	1950/tv_com_1950_90.txt	1950	8	0	0	2	-1	2	0	3	1	1	1	-2	0	0	8	0
t000080	1950/tv_com_1950_91.txt	1950	5	-1	-1	0	1	1	2	-1	4	0	2	-5	1	0	6	0
t000081	1950/tv_com_1950_92.txt	1950	7	1	-1	-1	-2	5	-1	0	-1	0	2	0	0	1	5	0
t000082	1950/tv_com_1950_93.txt	1950	10	0	3	-1	0	-2	1	2	0	3	3	-2	1	0	6	-1
t000083	1950/tv_com_1950_94.txt	1950	9	1	3	-1	0	-1	4	1	0	2	1	-3	2	0	7	0
t000084	1950/tv_com_1950_95.txt	1950	6	0	2	-1	-4	1	1	0	4	2	2	-2	3	2	6	-1
t000085	1950/tv_com_1950_96.txt	1950	4	0	4	-1	-3	-1	0	1	8	-1	3	4	9	0	7	-1
t000086	1950/tv_com_1950_97.txt	1950	6	-1	6	2	-5	-1	1	2	17	1	2	-6	6	3	6	0
t000087	1950/tv_com_1950_99.txt	1950	4	1	15	0	1	0	1	0	13	-5	6	1	2	2	6	0
t000088	1950/tv_com_1950_102.txt	1950	8	1	0	0	2	1	-1	4	1	2	2	-1	0	1	5	-1
t000089	1950/tv_com_1950_103.txt	1950	3	1	2	-1	1	-3	0	0	0	0	2	1	3	0	3	1
t000090	1950/tv_com_1950_104.txt	1950	8	5	0	0	2	1	-2	0	7	1	0	14	4	2	2	0
t000091	1950/tv_com_1950_105.txt	1950	3	-2	1	1	2	-5	2	1	3	1	2	1	4	-2	2	0
t000092	1950/tv_com_1950_106.txt	1950	4	-1	1	0	0	-2	0	1	14	0	3	-1	3	1	2	0
t000093	1950/tv_com_1950_107.txt	1950	3	-2	3	0	1	2	0	0	14	-1	3	-1	7	0	2	0
t000094	1950/tv_com_1950_108.txt	1950	3	-1	5	-2	-5	-2	1	0	6	7	4	-6	6	5	6	-4
t000095	1950/tv_com_1950_109.txt	1950	3	0	6	-1	0	0	0	0	11	-1	3	1	2	-1	2	0
t000096	1950/tv_com_1950_110.txt	1950	4	-2	3	-1	0	1	0	-1	7	1	0	1	7	2	1	1
t000097	1950/tv_com_1950_112.txt	1950	4	2	0	1	0	-3	2	1	4	1	5	0	-2	0	3	0
t000098	1950/tv_com_1950_113.txt	1950	7	0	0	0	-1	0	0	0	2	4	3	-5	5	1	3	0
t000099	1950/tv_com_1950_114.txt	1950	9	-1	6	0	7	4	-1	2	-1	2	1	0	5	0	3	0
t000100	1950/tv_com_1950_116.txt	1950	3	1	1	2	0	0	0	0	0	1	2	-3	1	1	6	0
t000101	1950/tv_com_1950_117.txt	1950	3	4	5	0	1	1	1	2	3	6	9	-5	3	2	6	-1
t000102	1950/tv_com_1950_118.txt	1950	7	-2	2	2	0	1	1	1	1	3	1	1	2	0	5	1
t000103	1950/tv_com_1950_120.txt	1950	11	3	1	1	0	0	0	0	-2	1	1	-2	2	2	3	-1
t000104	1960/tv_com_1960_1.txt	1960	1	0	-1	0	0	0	0	1	4	1	2	2	6	0	12	0
t000105	1960/tv_com_1960_2.txt	1960	3	-1	0	1	0	-1	1	1	6	3	9	-3	1	1	1	0
t000106	1960/tv_com_1960_3.txt	1960	3	1	1	0	1	-1	1	5	1	2	0	0	-1	1	6	0
t000107	1960/tv_com_1960_4.txt	1960	1	0	1	-1	0	0	1	2	15	5	3	4	8	3	6	-1
t000108	1960/tv_com_1960_6.txt	1960	1	0	1	0	-1	-1	0	0	4	2	5	1	4	1	7	0
t000109	1960/tv_com_1960_8.txt	1960	3	0	0	-2	0	0	0	0	5	5	2	2	14	-1	7	0
t000110	1960/tv_com_1960_9.txt	1960	0	-1	1	0	0	2	0	0	2	3	-1	7	16	0	2	0
t000111	1960/tv_com_1960_10.txt	1960	1	-1	-1	-1	0	0	1	1	5	3	1	4	4	1	2	0
t000112	1960/tv_com_1960_11.txt	1960	2	-2	1	0	0	-1	0	0	-2	1	-1	0	0	0	1	1
t000113	1960/tv_com_1960_13.txt	1960	7	-1	0	-1	0	0	-1	1	0	1	0	-1	2	0	4	1
t000114	1960/tv_com_1960_14.txt	1960	2	-1	1	0	0	-1	0	0	1	0	1	-1	1	0	3	0
t000115	1960/tv_com_1960_16.txt	1960	3	-2	0	-1	-1	-2	0	1	2	1	4	2	6	0	0	0
t000116	1960/tv_com_1960_17.txt	1960	5	-2	-1	1	0	-2	0	0	3	0	6	1	1	0	3	0
t000117	1960/tv_com_1960_18.txt	1960	5	1	-1	-2	-1	-1	0	1	5	3	5	13	6	0	2	-1
t000118	1960/tv_com_1960_19.txt	1960	8	0	1	-3	1	2	-1	1	-1	0	2	6	4	0	3	0
t000119	1960/tv_com_1960_20.txt	1960	3	0	1	0	-1	-1	0	0	1	0	5	3	1	2	5	0
t000120	1960/tv_com_1960_21.txt	1960	2	0	0	0	0	3	1	0	2	1	4	-1	9	2	7	1
t000121	1960/tv_com_1960_22.txt	1960	2	-1	-2	-1	-1	0	0	0	-1	1	2	1	8	1	5	0
t000122	1960/tv_com_1960_23.txt	1960	0	1	0	0	0	-1	2	1	2	0	2	0	-1	0	6	0
t000123	1960/tv_com_1960_25.txt	1960	6	0	-2	1	0	0	-1	2	0	3	3	1	3	1	3	0
t000124	1960/tv_com_1960_26.txt	1960	4	-1	1	0	1	2	0	2	1	0	1	4	0	0	3	1
t000125	1960/tv_com_1960_27.txt	1960	4	1	1	1	-1	-1	-1	1	1	4	0	0	2	2	2	-1
t000126	1960/tv_com_1960_28.txt	1960	3	0	0	0	-1	2	0	0	6	1	4	2	0	3	3	1
t000127	1960/tv_com_1960_30.txt	1960	1	0	0	5	-1	4	0	-1	3	2	1	2	7	1	2	0
t000128	1960/tv_com_1960_31.txt	1960	3	-2	-1	0	0	-1	1	1	2	4	7	2	11	1	4	0
t000129	1960/tv_com_1960_32.txt	1960	1	0	0	0	0	0	0	0	1	0	8	2	7	0	4	0
t000130	1960/tv_com_1960_33.txt	1960	1	-1	3	1	1	-3	1	1	14	-3	5	3	4	0	4	0
t000131	1960/tv_com_1960_36.txt	1960	5	0	1	-1	0	-4	2	0	20	-2	3	8	1	2	0	-1
t000132	1960/tv_com_1960_37.txt	1960	2	-1	1	0	0	-3	0	0	3	0	4	2	5	2	7	0
t000133	1960/tv_com_1960_38.txt	1960	3	-1	2	1	-1	-1	1	1	11	1	4	-3	3	0	3	0
t000134	1960/tv_com_1960_39.txt	1960	5	0	0	2	-1	0	0	0	-1	6	2	3	5	0	7	0
t000135	1960/tv_com_1960_40.txt	1960	1	0	0	-1	-1	-1	0	0	3	5	3	3	8	2	11	0
t000136	1960/tv_com_1960_41.txt	1960	2	1	-1	-1	1	0	1	-1	-2	1	3	3	5	3	6	0
t000137	1960/tv_com_1960_43.txt	1960	3	-1	-1	0	0	-2	0	0	4	0	1	9	5	-1	5	1
t000138	1960/tv_com_1960_44.txt	1960	1	0	-1	0	0	0	1	0	6	0	3	2	11	1	7	-1
t000139	1960/tv_com_1960_45.txt	1960	2	0	-1	-3	0	1	0	1	6	1	2	7	5	1	5	1
t000140	1960/tv_com_1960_46.txt	1960	3	0	2	-1	1	-1	1	0	2	4	0	4	7	0	7	0
t000141	1960/tv_com_1960_47.txt	1960	2	0	1	-1	1	-1	0	0	5	1	3	1	2	2	-1	0
t000142	1960/tv_com_1960_48.txt	1960	7	0	2	0	1	-2	0	2	3	0	0	1	7	1	4	0
t000143	1960/tv_com_1960_50.txt	1960	0	-1	0	0	0	0	0	0	14	1	6	2	2	0	0	0
t000144	1960/tv_com_1960_51.txt	1960	4	-1	2	0	0	0	-1	1	3	0	-1	1	1	0	1	-1
t000145	1960/tv_com_1960_52.txt	1960	0	-1	0	0	0	1	0	0	6	0	1	0	2	0	1	0
t000146	1960/tv_com_1960_53.txt	1960	4	-2	2	-1	-4	-1	-1	-1	19	0	3	1	4	0	1	1
t000147	1960/tv_com_1960_54.txt	1960	0	0	7	0	-3	0	0	-1	18	0	7	-2	1	2	1	-1
t000148	1960/tv_com_1960_55.txt	1960	-1	0	1	0	0	0	0	0	4	-1	0	2	2	0	2	0
t000149	1960/tv_com_1960_56.txt	1960	0	1	0	0	1	0	0	0	1	1	1	0	2	0	5	0
t000150	1960/tv_com_1960_57.txt	1960	1	2	2	0	1	-1	0	1	6	3	4	2	13	5	0	0
t000151	1960/tv_com_1960_58.txt	1960	6	0	1	3	0	-1	1	1	0	3	2	3	3	0	6	0
t000152	1960/tv_com_1960_59.txt	1960	1	0	0	0	0	-1	-1	0	17	2	6	8	5	1	5	-1
t000153	1960/tv_com_1960_60.txt	1960	0	0	0	0	0	0	0	2	11	0	4	0	0	1	7	0
t000154	1960/tv_com_1960_61.txt	1960	0	0	1	0	0	0	1	1	2	-2	0	0	4	-1	1	0
t000155	1960/tv_com_1960_62.txt	1960	2	-3	1	1	0	-1	2	2	-1	0	2	-1	0	0	1	0
t000156	1960/tv_com_1960_64.txt	1960	3	0	1	-1	-1	-4	0	0	1	2	1	2	1	1	6	0
t000157	1960/tv_com_1960_65.txt	1960	7	-2	2	-1	0	1	2	-1	3	4	1	1	5	3	2	2
t000158	1960/tv_com_1960_66.txt	1960	1	-1	0	-2	1	-1	-1	-1	1	1	0	0	1	1	6	1
t000159	1960/tv_com_1960_67.txt	1960	9	-1	-1	0	0	0	1	0	0	0	3	1	3	0	7	0
t000160	1960/tv_com_1960_68.txt	1960	4	-1	3	2	0	0	-1	2	11	2	2	1	0	0	4	3
t000161	1960/tv_com_1960_69.txt	1960	5	0	0	-1	1	-2	0	2	3	-1	9	1	1	2	3	0
t000162	1960/tv_com_1960_70.txt	1960	1	2	1	0	0	0	0	0	2	0	4	3	6	1	3	-1
t000163	1960/tv_com_1960_71.txt	1960	0	0	1	1	0	-2	0	-1	8	1	4	-2	4	3	6	-1
t000164	1960/tv_com_1960_72.txt	1960	0	0	0	1	0	0	0	0	3	3	5	2	2	0	4	0
t000165	1960/tv_com_1960_75.txt	1960	1	1	2	-1	-1	-1	1	-1	20	-1	4	0	6	4	7	-1
t000166	1960/tv_com_1960_76.txt	1960	3	0	3	0	0	-2	5	1	2	1	0	-2	1	1	3	0
t000167	1960/tv_com_1960_77.txt	1960	3	-1	2	-2	-1	-1	0	0	5	2	1	-1	2	3	0	-1
t000168	1960/tv_com_1960_78.txt	1960	0	-1	0	1	0	0	1	0	1	0	-1	-4	0	1	3	-1
t000169	1960/tv_com_1960_79.txt	1960	3	-2	0	-1	1	-1	6	0	0	3	5	-3	5	3	0	-1
t000170	1960/tv_com_1960_80.txt	1960	3	0	3	1	0	0	-1	0	13	0	5	1	1	0	2	0
t000171	1960/tv_com_1960_81.txt	1960	4	1	2	0	0	0	-1	1	3	1	9	4	6	3	-1	-1
t000172	1960/tv_com_1960_82.txt	1960	3	-2	0	1	0	0	0	1	5	3	6	6	3	5	2	0
t000173	1960/tv_com_1960_83.txt	1960	2	0	0	4	0	0	0	1	3	1	5	2	3	0	7	1
t000174	1960/tv_com_1960_84.txt	1960	2	1	1	1	1	0	0	1	2	1	14	2	3	-1	2	-1
t000175	1960/tv_com_1960_85.txt	1960	3	-1	2	0	0	-5	3	0	3	2	3	-1	1	3	8	0
t000176	1960/tv_com_1960_86.txt	1960	0	-1	2	0	0	-1	3	0	5	1	4	0	-1	3	2	0
t000177	1960/tv_com_1960_87.txt	1960	0	0	-1	-1	0	0	0	0	0	6	5	2	2	2	0	0
t000178	1960/tv_com_1960_88.txt	1960	6	0	-1	0	0	0	2	0	1	2	2	1	7	4	7	0
t000179	1960/tv_com_1960_90.txt	1960	2	0	0	0	0	-1	1	-1	6	3	-1	3	1	4	2	0
t000180	1960/tv_com_1960_91.txt	1960	1	-1	2	0	-1	2	0	0	0	3	3	0	2	2	6	-1
t000181	1960/tv_com_1960_92.txt	1960	3	0	0	0	-1	4	0	0	5	-2	-2	4	9	1	6	0
t000182	1960/tv_com_1960_93.txt	1960	6	3	0	-1	-1	0	0	0	4	4	-1	-3	1	5	5	0
t000183	1960/tv_com_1960_94.txt	1960	3	1	4	0	0	-3	1	-1	-1	5	1	1	0	0	2	0
t000184	1960/tv_com_1960_95.txt	1960	2	2	2	-1	1	-2	0	0	0	4	3	-6	2	1	0	0
t000185	1960/tv_com_1960_96.txt	1960	0	2	0	-2	0	0	0	1	0	-1	1	-2	0	0	4	0
t000186	1960/tv_com_1960_97.txt	1960	2	8	1	0	0	0	1	1	-1	5	6	-4	3	1	6	0
t000187	1960/tv_com_1960_98.txt	1960	6	4	0	1	1	1	2	1	5	2	0	-1	3	0	4	0
t000188	1960/tv_com_1960_99.txt	1960	2	1	0	4	0	-3	0	1	0	2	9	-3	2	0	2	0
t000189	1960/tv_com_1960_100.txt	1960	9	-1	0	2	0	-3	2	-1	2	4	0	0	10	1	5	0
t000190	1960/tv_com_1960_101.txt	1960	9	1	5	0	0	0	0	-1	-1	3	1	-1	0	1	2	0
t000191	1960/tv_com_1960_102.txt	1960	5	-1	0	0	0	-2	1	-2	6	3	2	-1	2	1	-1	0
t000192	1960/tv_com_1960_103.txt	1960	4	1	2	0	0	-2	5	-1	-3	0	1	0	0	0	2	0
t000193	1960/tv_com_1960_105.txt	1960	3	1	0	0	1	0	0	1	6	6	1	1	4	1	10	-1
t000194	1960/tv_com_1960_106.txt	1960	1	5	3	0	1	0	0	0	5	1	2	-2	0	-1	2	0
t000195	1960/tv_com_1960_108.txt	1960	5	4	3	-1	-1	0	2	2	5	0	5	0	0	1	7	1
t000196	1960/tv_com_1960_109.txt	1960	2	0	0	0	-1	0	0	0	2	1	3	-1	1	0	4	0
t000197	1960/tv_com_1960_110.txt	1960	3	0	1	1	-1	0	0	0	7	1	1	0	1	0	3	0
t000198	1960/tv_com_1960_111.txt	1960	6	0	2	0	-1	0	1	0	4	0	2	0	0	0	2	-2
t000199	1960/tv_com_1960_112.txt	1960	2	0	2	0	-2	0	0	1	12	1	1	3	4	5	3	0
t000200	1960/tv_com_1960_113.txt	1960	8	-1	0	0	0	0	-1	0	-1	-1	-1	0	0	1	4	0
t000201	1960/tv_com_1960_114.txt	1960	3	1	2	-1	-1	-2	0	1	16	1	2	0	5	3	1	2
t000202	1960/tv_com_1960_115.txt	1960	5	0	1	0	-1	-1	2	-2	12	0	0	2	10	0	1	0
t000203	1960/tv_com_1960_116.txt	1960	5	0	2	2	1	3	0	1	7	3	3	5	4	3	8	1
t000204	1960/tv_com_1960_117.txt	1960	2	-1	0	-1	0	0	0	-1	2	1	6	1	2	1	5	1
t000205	1960/tv_com_1960_118.txt	1960	2	0	0	-1	1	2	1	1	4	1	3	6	-1	-1	7	2
t000206	1960/tv_com_1960_119.txt	1960	3	2	1	-1	0	0	1	-2	1	0	4	0	0	0	1	0
t000207	1970/tv_com_1970_2.txt	1970	0	0	0	0	1	-1	0	0	1	2	1	2	9	3	0	0
t000208	1970/tv_com_1970_3.txt	1970	1	0	0	0	0	1	0	0	-1	2	1	2	4	2	7	0
t000209	1970/tv_com_1970_4.txt	1970	1	1	0	0	0	0	-1	1	3	5	6	-2	7	1	4	-1
t000210	1970/tv_com_1970_5.txt	1970	4	0	1	0	2	1	0	0	20	0	0	-1	8	0	11	0
t000211	1970/tv_com_1970_6.txt	1970	2	0	-1	0	1	0	0	-1	2	1	0	3	0	0	6	0
t000212	1970/tv_com_1970_7.txt	1970	0	1	1	0	0	1	0	0	5	1	4	2	9	0	7	0
t000213	1970/tv_com_1970_8.txt	1970	1	0	1	0	1	-1	0	0	0	-1	3	2	2	0	7	0
t000214	1970/tv_com_1970_9.txt	1970	4	1	0	-1	0	0	0	-1	3	1	2	-1	3	3	4	0
t000215	1970/tv_com_1970_10.txt	1970	2	0	0	0	0	0	-1	0	8	1	3	3	3	1	8	0
t000216	1970/tv_com_1970_11.txt	1970	3	2	2	0	0	-1	0	0	14	-1	9	2	0	0	2	2
t000217	1970/tv_com_1970_12.txt	1970	2	2	0	-1	1	1	0	0	-1	2	2	2	0	1	3	0
t000218	1970/tv_com_1970_13.txt	1970	1	0	0	0	0	0	0	0	2	3	3	5	2	-1	9	0
t000219	1970/tv_com_1970_14.txt	1970	3	0	1	-1	-1	0	-2	0	1	2	0	4	2	1	2	0
t000220	1970/tv_com_1970_15.txt	1970	2	0	0	-1	0	0	0	0	2	3	4	1	5	1	3	0
t000221	1970/tv_com_1970_16.txt	1970	1	0	0	1	0	0	0	0	-1	3	2	1	3	-2	8	0
t000222	1970/tv_com_1970_17.txt	1970	2	0	1	0	0	2	1	0	10	-1	1	5	2	0	3	0
t000223	1970/tv_com_1970_18.txt	1970	1	0	0	0	0	-1	1	-1	17	5	2	3	2	1	8	0
t000224	1970/tv_com_1970_19.txt	1970	1	1	1	0	1	0	0	1	6	0	2	0	0	-1	1	2
t000225	1970/tv_com_1970_20.txt	1970	0	0	0	0	0	0	0	0	2	1	6	3	1	0	9	0
t000226	1970/tv_com_1970_21.txt	1970	0	-2	0	0	-1	0	1	0	3	2	2	2	3	2	7	0
t000227	1970/tv_com_1970_22.txt	1970	2	0	0	0	-1	-2	0	0	1	1	3	0	4	0	5	2
t000228	1970/tv_com_1970_23.txt	1970	0	0	0	-1	0	0	0	0	0	1	2	1	1	4	5	0
t000229	1970/tv_com_1970_24.txt	1970	1	-1	0	0	0	0	0	0	6	4	2	5	6	1	9	0
t000230	1970/tv_com_1970_25.txt	1970	1	0	0	0	2	0	0	0	6	0	0	0	5	0	7	0
t000231	1970/tv_com_1970_26.txt	1970	2	0	0	-2	-1	2	1	0	0	1	1	1	2	0	9	0
t000232	1970/tv_com_1970_27.txt	1970	0	0	0	-1	0	-2	0	0	0	-1	2	3	4	1	1	1
t000233	1970/tv_com_1970_28.txt	1970	3	0	3	0	-1	0	1	0	9	-1	5	0	1	0	3	0
t000234	1970/tv_com_1970_30.txt	1970	2	0	0	0	0	1	0	2	5	4	2	4	2	2	9	0
t000235	1970/tv_com_1970_31.txt	1970	4	0	3	0	0	0	0	0	12	0	2	1	1	1	2	0
t000236	1970/tv_com_1970_32.txt	1970	2	0	1	0	0	-1	-1	-1	7	0	2	1	0	0	4	0
t000237	1970/tv_com_1970_33.txt	1970	1	0	1	0	0	-1	0	0	0	0	1	1	0	2	2	1
t000238	1970/tv_com_1970_34.txt	1970	2	0	0	0	0	0	0	0	1	4	2	1	3	0	7	-1
t000239	1970/tv_com_1970_35.txt	1970	0	0	0	-2	0	1	0	0	4	2	-1	5	2	0	3	0
t000240	1970/tv_com_1970_36.txt	1970	3	-1	0	0	0	0	1	1	2	1	1	0	3	8	0	0
t000241	1970/tv_com_1970_37.txt	1970	1	0	0	0	0	0	1	0	8	1	6	2	0	0	10	-1
t000242	1970/tv_com_1970_38.txt	1970	2	2	0	-1	0	-1	-1	0	2	3	1	2	0	2	6	0
t000243	1970/tv_com_1970_39.txt	1970	2	-1	0	0	2	-1	0	1	1	7	1	-1	5	0	4	0
t000244	1970/tv_com_1970_41.txt	1970	2	0	1	1	1	0	0	0	16	-1	-1	-1	2	0	4	0
t000245	1970/tv_com_1970_42.txt	1970	3	-2	0	1	0	0	1	0	0	2	1	-1	7	2	5	1
t000246	1970/tv_com_1970_43.txt	1970	1	-1	0	-3	2	0	0	1	7	3	3	5	5	1	10	0
t000247	1970/tv_com_1970_44.txt	1970	3	0	1	0	0	0	0	1	3	-4	0	0	6	0	5	0
t000248	1970/tv_com_1970_45.txt	1970	3	-1	0	0	-1	-2	2	0	6	1	-1	-1	8	1	4	1
t000249	1970/tv_com_1970_46.txt	1970	-2	0	4	0	0	0	0	0	15	3	4	4	9	0	13	2
t000250	1970/tv_com_1970_47.txt	1970	4	0	0	0	0	0	0	1	1	6	1	2	3	1	6	3
t000251	1970/tv_com_1970_48.txt	1970	2	0	2	-1	0	1	1	0	5	1	2	2	7	-1	5	0
t000252	1970/tv_com_1970_49.txt	1970	0	0	0	0	-1	0	0	0	0	0	2	-1	1	0	3	0
t000253	1970/tv_com_1970_50.txt	1970	1	0	1	0	-1	0	1	1	8	0	1	1	1	0	2	1
t000254	1970/tv_com_1970_51.txt	1970	1	-1	0	0	-1	-1	-1	-1	13	-2	4	6	2	0	2	0
t000255	1970/tv_com_1970_52.txt	1970	3	0	-1	0	0	-1	0	0	6	-1	2	8	3	0	3	0
t000256	1970/tv_com_1970_53.txt	1970	3	-2	0	0	0	0	0	1	1	0	2	4	3	-1	7	0
t000257	1970/tv_com_1970_54.txt	1970	-2	0	4	1	-2	1	0	0	3	-2	4	0	0	0	4	0
t000258	1970/tv_com_1970_55.txt	1970	2	-1	0	0	0	2	0	0	1	0	2	1	1	2	5	0
t000259	1970/tv_com_1970_56.txt	1970	1	0	0	1	-1	0	2	0	2	5	5	1	6	0	6	0
t000260	1970/tv_com_1970_57.txt	1970	0	0	0	0	0	0	0	0	3	1	1	0	0	5	3	1
t000261	1970/tv_com_1970_58.txt	1970	0	2	0	-1	-1	0	0	4	0	2	1	1	1	2	4	1
t000262	1970/tv_com_1970_59.txt	1970	4	-1	0	0	0	0	0	0	2	1	5	-1	6	3	3	0
t000263	1970/tv_com_1970_60.txt	1970	5	0	-1	1	0	0	0	0	6	0	4	7	3	0	3	0
t000264	1970/tv_com_1970_62.txt	1970	2	0	1	0	0	2	1	-1	5	-1	2	3	10	1	4	2
t000265	1970/tv_com_1970_63.txt	1970	1	0	2	0	0	-1	0	0	16	0	6	0	4	2	3	-1
t000266	1970/tv_com_1970_64.txt	1970	2	0	0	0	-1	-2	0	1	1	0	2	-1	0	0	4	0
t000267	1970/tv_com_1970_65.txt	1970	3	-1	0	0	0	-2	0	0	-1	0	0	2	0	1	3	0
t000268	1970/tv_com_1970_66.txt	1970	4	0	0	0	0	0	0	1	6	0	0	1	0	1	6	0
t000269	1970/tv_com_1970_67.txt	1970	4	-1	0	-1	1	1	0	2	-1	0	3	3	-1	3	6	0
t000270	1970/tv_com_1970_68.txt	1970	2	0	0	0	0	0	1	1	8	3	2	8	7	0	8	0
t000271	1970/tv_com_1970_69.txt	1970	1	1	0	0	1	-1	0	1	0	-1	3	4	2	2	6	2
t000272	1970/tv_com_1970_70.txt	1970	3	0	0	-1	0	-1	-2	0	2	2	4	1	10	0	4	0
t000273	1970/tv_com_1970_71.txt	1970	2	-1	0	-1	-3	-1	0	0	5	1	0	4	1	3	2	0
t000274	1970/tv_com_1970_72.txt	1970	1	0	0	0	-1	0	1	0	0	-1	0	1	6	0	5	0
t000275	1970/tv_com_1970_73.txt	1970	0	2	0	0	0	0	0	0	2	2	9	-1	3	0	4	0
t000276	1970/tv_com_1970_74.txt	1970	0	0	0	1	0	0	0	-1	3	3	3	-1	5	3	4	0
t000277	1970/tv_com_1970_75.txt	1970	4	0	0	-1	0	1	0	0	0	1	4	6	6	3	7	1
t000278	1970/tv_com_1970_76.txt	1970	2	1	1	0	1	1	0	1	3	3	12	4	1	0	6	2
t000279	1970/tv_com_1970_77.txt	1970	4	1	1	0	0	0	0	-1	1	2	0	0	3	0	5	0
t000280	1970/tv_com_1970_78.txt	1970	1	0	0	0	-1	0	0	0	10	2	6	0	1	1	1	1
t000281	1970/tv_com_1970_79.txt	1970	3	0	-1	0	0	-4	0	2	7	1	2	2	2	0	6	0
t000282	1970/tv_com_1970_80.txt	1970	0	1	0	0	1	0	0	0	0	0	0	1	0	0	5	3
t000283	1970/tv_com_1970_81.txt	1970	5	-1	0	0	0	-2	1	-1	2	1	2	7	12	-1	5	1
t000284	1970/tv_com_1970_83.txt	1970	2	0	2	0	0	2	0	-1	5	3	1	2	16	2	2	-1
t000285	1970/tv_com_1970_84.txt	1970	2	-2	0	-1	1	-1	0	0	5	1	0	0	2	8	0	0
t000286	1970/tv_com_1970_85.txt	1970	6	0	3	1	0	0	1	0	6	1	-1	3	0	0	4	0
t000287	1970/tv_com_1970_86.txt	1970	3	-1	2	0	0	-1	0	0	13	0	-1	2	9	-1	5	0
t000288	1970/tv_com_1970_87.txt	1970	2	0	0	0	0	0	0	0	0	-2	8	3	2	5	-2	0
t000289	1970/tv_com_1970_88.txt	1970	1	0	0	0	0	1	0	0	0	0	3	0	2	0	5	0
t000290	1970/tv_com_1970_90.txt	1970	3	-1	-1	-1	-1	0	0	1	1	-1	9	2	5	2	7	0
t000291	1970/tv_com_1970_92.txt	1970	2	0	0	0	-1	0	1	0	1	2	1	0	6	0	7	0
t000292	1970/tv_com_1970_93.txt	1970	2	1	0	0	0	-1	2	-1	1	7	0	-1	7	0	4	0
t000293	1970/tv_com_1970_94.txt	1970	1	2	0	0	0	0	0	0	3	3	10	0	0	0	8	-1
t000294	1970/tv_com_1970_95.txt	1970	1	0	1	-2	-1	0	0	1	1	3	2	0	0	0	3	0
t000295	1970/tv_com_1970_96.txt	1970	3	-2	-2	1	-1	-4	0	0	6	2	4	2	10	8	4	1
t000296	1970/tv_com_1970_97.txt	1970	4	0	0	1	0	2	0	-1	0	0	0	3	7	5	2	1
t000297	1970/tv_com_1970_98.txt	1970	3	-1	0	0	1	2	0	0	13	5	0	-1	4	7	-2	-1
t000298	1970/tv_com_1970_99.txt	1970	1	-1	0	1	-1	0	1	0	0	1	0	0	0	6	2	0
t000299	1970/tv_com_1970_104.txt	1970	3	1	0	0	0	0	2	0	5	0	1	0	14	0	4	-3
t000300	1970/tv_com_1970_108.txt	1970	4	-1	1	0	0	0	0	0	8	1	5	1	0	0	5	-1
t000301	1970/tv_com_1970_109.txt	1970	1	0	1	0	-1	-2	0	-1	-1	0	1	1	0	0	4	0
t000302	1970/tv_com_1970_113.txt	1970	3	0	0	1	0	0	0	-2	1	3	2	-2	3	0	1	0
t000303	1970/tv_com_1970_114.txt	1970	4	0	1	3	-1	-1	1	1	2	5	3	-2	8	0	2	-1
t000304	1970/tv_com_1970_115.txt	1970	1	1	1	1	0	0	1	0	1	2	0	1	1	0	2	1
t000305	1970/tv_com_1970_116.txt	1970	1	1	0	0	0	-3	0	0	2	6	5	-6	4	2	4	0
t000306	1970/tv_com_1970_117.txt	1970	2	-1	1	0	-2	0	3	-1	2	2	3	1	4	1	6	0
t000307	1970/tv_com_1970_118.txt	1970	2	-1	0	0	0	0	0	1	4	0	2	1	3	1	3	1
t000308	1970/tv_com_1970_119.txt	1970	3	0	1	1	0	0	0	1	1	2	5	4	4	1	11	0
t000309	1970/tv_com_1970_120.txt	1970	4	-1	0	0	0	0	1	0	2	1	-1	1	1	0	3	0
t000310	1980/tv_com_1980_1.txt	1980	2	0	1	0	0	0	0	0	0	0	3	0	0	1	2	0
t000311	1980/tv_com_1980_2.txt	1980	1	-1	0	0	0	0	0	0	-1	1	1	2	1	0	1	-1
t000312	1980/tv_com_1980_3.txt	1980	1	0	0	-1	-1	0	0	0	3	0	1	3	3	0	1	0
t000313	1980/tv_com_1980_4.txt	1980	-1	1	1	0	0	0	0	0	1	0	2	1	0	0	0	0
t000314	1980/tv_com_1980_5.txt	1980	1	0	3	0	0	0	0	0	4	3	6	8	5	3	-2	4
t000315	1980/tv_com_1980_6.txt	1980	1	0	0	1	-1	1	0	0	1	0	7	1	2	3	1	0
t000316	1980/tv_com_1980_7.txt	1980	3	-1	0	0	0	2	0	2	1	2	1	1	6	3	1	1
t000317	1980/tv_com_1980_8.txt	1980	4	0	1	-1	0	1	-1	1	2	1	0	0	2	0	6	0
t000318	1980/tv_com_1980_9.txt	1980	1	-2	0	0	1	0	0	0	2	-1	0	1	1	0	0	0
t000319	1980/tv_com_1980_10.txt	1980	0	0	1	-1	0	3	0	0	2	2	0	5	5	1	4	0
t000320	1980/tv_com_1980_11.txt	1980	2	0	0	1	0	0	1	1	5	6	1	3	11	1	1	0
t000321	1980/tv_com_1980_12.txt	1980	1	0	0	-1	0	0	0	0	1	0	1	0	4	2	2	0
t000322	1980/tv_com_1980_13.txt	1980	4	0	0	0	0	1	0	0	3	0	1	4	3	0	4	0
t000323	1980/tv_com_1980_14.txt	1980	3	-1	0	-1	-1	3	0	1	0	2	2	4	3	0	2	3
t000324	1980/tv_com_1980_15.txt	1980	0	-1	0	0	0	2	0	1	1	4	1	3	1	1	4	0
t000325	1980/tv_com_1980_16.txt	1980	0	0	0	-1	0	1	0	0	0	0	1	1	1	0	1	0
t000326	1980/tv_com_1980_17.txt	1980	1	0	0	-1	0	-1	0	0	9	1	9	5	3	4	2	0
t000327	1980/tv_com_1980_18.txt	1980	1	0	0	0	0	1	0	0	0	1	3	1	0	0	2	0
t000328	1980/tv_com_1980_19.txt	1980	1	0	0	0	0	1	0	1	1	3	1	0	2	-1	4	0
t000329	1980/tv_com_1980_22.txt	1980	0	-1	0	0	0	1	0	0	1	-1	3	0	4	2	5	0
t000330	1980/tv_com_1980_23.txt	1980	1	-1	0	1	-1	3	0	0	1	3	3	2	1	3	3	1
t000331	1980/tv_com_1980_24.txt	1980	2	-1	0	1	0	1	0	0	1	3	3	0	0	3	3	0
t000332	1980/tv_com_1980_25.txt	1980	3	0	1	0	0	0	0	0	-1	0	5	1	5	0	4	2
t000333	1980/tv_com_1980_26.txt	1980	2	1	0	0	-1	1	0	2	1	0	0	6	2	1	1	0
t000334	1980/tv_com_1980_27.txt	1980	3	-1	0	0	-1	0	0	0	4	2	5	4	11	5	5	0
t000335	1980/tv_com_1980_28.txt	1980	3	-2	-1	-1	0	0	0	-1	0	2	1	0	0	3	3	1
t000336	1980/tv_com_1980_29.txt	1980	1	-1	0	-1	0	1	2	0	1	2	5	2	5	4	9	0
t000337	1980/tv_com_1980_30.txt	1980	0	-1	0	-1	-2	1	0	0	5	2	1	6	4	5	4	0
t000338	1980/tv_com_1980_31.txt	1980	3	-2	0	0	-1	1	0	-1	0	2	3	3	3	1	1	0
t000339	1980/tv_com_1980_33.txt	1980	2	-1	0	0	0	0	1	0	2	0	2	1	4	3	4	0
t000340	1980/tv_com_1980_34.txt	1980	2	0	0	0	-1	-1	-1	0	1	3	0	2	4	6	5	1
t000341	1980/tv_com_1980_35.txt	1980	2	0	1	-1	0	0	1	0	0	0	2	3	1	-1	3	0
t000342	1980/tv_com_1980_36.txt	1980	3	0	1	0	-1	0	0	-1	1	2	2	0	0	-1	2	2
t000343	1980/tv_com_1980_38.txt	1980	4	-1	0	1	0	3	0	0	10	3	3	6	2	1	2	1
t000344	1980/tv_com_1980_39.txt	1980	1	-1	0	0	-1	3	2	-1	0	0	1	1	1	0	0	0
t000345	1980/tv_com_1980_40.txt	1980	1	0	0	0	1	-1	0	0	4	0	0	2	1	0	2	0
t000346	1980/tv_com_1980_41.txt	1980	-1	0	1	0	-1	-1	0	0	15	1	3	-1	1	1	-1	0
t000347	1980/tv_com_1980_43.txt	1980	3	0	0	0	0	0	1	0	15	3	3	0	6	2	1	-1
t000348	1980/tv_com_1980_44.txt	1980	1	0	1	1	1	-2	0	0	19	1	5	1	2	0	4	1
t000349	1980/tv_com_1980_45.txt	1980	2	0	0	0	-1	0	0	0	17	0	0	3	3	1	-1	-1
t000350	1980/tv_com_1980_46.txt	1980	5	0	-1	0	0	0	0	1	9	3	1	0	1	0	-1	1
t000351	1980/tv_com_1980_48.txt	1980	-2	1	0	0	1	0	0	0	5	2	0	8	2	0	1	0
t000352	1980/tv_com_1980_49.txt	1980	1	0	0	0	-3	-1	0	0	15	5	5	6	15	1	5	-3
t000353	1980/tv_com_1980_50.txt	1980	4	0	1	0	0	-1	-1	0	7	-1	2	2	5	-2	1	-1
t000354	1980/tv_com_1980_51.txt	1980	-1	1	1	1	1	0	1	0	2	1	4	0	0	0	1	0
t000355	1980/tv_com_1980_52.txt	1980	3	0	2	0	0	0	1	0	0	1	0	0	2	0	4	0
t000356	1980/tv_com_1980_53.txt	1980	2	0	1	0	-3	0	-1	1	16	4	0	1	9	3	-1	1
t000357	1980/tv_com_1980_54.txt	1980	0	-1	2	0	0	0	0	0	11	1	2	-1	10	5	1	-1
t000358	1980/tv_com_1980_55.txt	1980	0	0	0	0	0	-1	0	0	6	-2	3	13	2	1	4	3
t000359	1980/tv_com_1980_56.txt	1980	4	-1	1	0	0	-2	0	0	2	0	0	0	2	2	-1	0
t000360	1980/tv_com_1980_58.txt	1980	2	-1	4	0	0	-1	0	0	3	0	0	0	1	-1	4	0
t000361	1980/tv_com_1980_59.txt	1980	1	-1	1	0	0	-1	0	-1	14	-2	5	4	2	-1	5	0
t000362	1980/tv_com_1980_63.txt	1980	1	1	1	0	0	-1	0	0	3	10	8	-1	3	0	11	1
t000363	1980/tv_com_1980_64.txt	1980	-2	0	0	1	0	0	0	0	1	4	0	-1	7	2	-1	0
t000364	1980/tv_com_1980_65.txt	1980	3	0	0	1	0	0	0	0	0	1	-1	0	1	0	3	0
t000365	1980/tv_com_1980_66.txt	1980	5	-1	0	1	0	0	0	0	4	11	4	1	7	2	7	0
t000366	1980/tv_com_1980_67.txt	1980	1	2	0	0	0	0	0	0	-1	3	0	-3	1	0	3	0
t000367	1980/tv_com_1980_68.txt	1980	2	2	1	0	0	0	0	0	3	4	9	-2	7	-2	5	0
t000368	1980/tv_com_1980_70.txt	1980	-1	0	0	-1	0	0	1	0	5	8	9	-1	1	1	4	0
t000369	1980/tv_com_1980_71.txt	1980	0	4	0	0	-1	0	0	0	6	4	16	3	6	1	4	2
t000370	1980/tv_com_1980_72.txt	1980	0	1	0	0	0	-1	0	1	5	7	3	-4	10	2	3	0
t000371	1980/tv_com_1980_73.txt	1980	1	2	1	0	0	0	0	0	0	2	5	1	0	0	1	0
t000372	1980/tv_com_1980_74.txt	1980	1	1	0	0	0	0	0	0	0	6	3	-5	5	3	6	0
t000373	1980/tv_com_1980_75.txt	1980	0	0	0	1	0	0	0	0	0	2	3	0	1	0	2	0
t000374	1980/tv_com_1980_76.txt	1980	1	-1	0	0	0	0	0	1	3	8	9	0	1	0	2	0
t000375	1980/tv_com_1980_77.txt	1980	-1	2	0	0	-1	-1	0	1	1	4	3	3	6	-1	1	0
t000376	1980/tv_com_1980_78.txt	1980	0	2	0	0	0	0	0	0	2	8	6	-3	9	0	6	1
t000377	1980/tv_com_1980_79.txt	1980	0	0	0	0	0	-1	0	0	0	2	4	2	3	0	2	-1
t000378	1980/tv_com_1980_80.txt	1980	3	1	2	1	0	0	1	2	0	0	1	3	1	0	3	0
t000379	1980/tv_com_1980_81.txt	1980	4	0	0	0	0	-3	0	0	3	0	6	6	3	0	2	-1
t000380	1980/tv_com_1980_82.txt	1980	1	0	0	-1	-1	0	0	0	4	2	6	1	7	0	2	1
t000381	1980/tv_com_1980_84.txt	1980	3	0	1	0	-1	0	0	-1	0	2	0	-2	0	-1	1	0
t000382	1980/tv_com_1980_85.txt	1980	3	0	0	1	0	0	0	0	9	2	4	4	8	2	2	0
t000383	1980/tv_com_1980_86.txt	1980	0	0	0	0	0	0	0	1	15	0	3	0	5	1	3	0
t000384	1980/tv_com_1980_87.txt	1980	3	0	0	0	0	0	0	0	6	1	7	0	2	2	2	0
t000385	1980/tv_com_1980_89.txt	1980	3	-2	0	0	0	-1	1	0	4	-1	4	1	1	2	8	0
t000386	1980/tv_com_1980_90.txt	1980	2	-2	1	1	-1	0	0	1	0	1	4	0	0	1	3	0
t000387	1980/tv_com_1980_91.txt	1980	2	0	0	0	1	-1	0	1	2	1	2	-4	0	1	2	0
t000388	1980/tv_com_1980_92.txt	1980	0	0	0	0	0	0	0	0	9	4	3	-2	11	1	2	-1
t000389	1980/tv_com_1980_93.txt	1980	2	1	0	0	0	0	1	0	0	1	1	0	0	0	1	0
t000390	1980/tv_com_1980_94.txt	1980	0	0	0	0	0	0	0	0	1	1	3	1	6	-1	5	0
t000391	1980/tv_com_1980_95.txt	1980	2	0	1	0	0	1	1	1	1	2	-1	2	0	1	4	0
t000392	1980/tv_com_1980_96.txt	1980	3	0	0	-1	0	0	1	0	0	3	3	2	2	0	3	0
t000393	1980/tv_com_1980_97.txt	1980	1	0	1	1	-1	0	0	1	0	-1	1	1	0	0	2	1
t000394	1980/tv_com_1980_98.txt	1980	2	0	1	-1	0	0	0	0	9	-2	9	5	7	0	6	2
t000395	1980/tv_com_1980_99.txt	1980	0	0	0	-2	0	0	0	-1	4	4	1	2	10	2	6	0
t000396	1980/tv_com_1980_100.txt	1980	6	0	0	-1	0	-1	0	0	0	2	1	2	3	1	3	0
t000397	1980/tv_com_1980_101.txt	1980	5	0	0	-1	0	-1	0	0	2	0	2	5	2	1	5	1
t000398	1980/tv_com_1980_102.txt	1980	1	0	0	-2	0	0	0	0	0	0	1	2	5	1	1	0
t000399	1980/tv_com_1980_103.txt	1980	0	1	0	-2	-1	0	0	0	6	2	4	9	4	0	4	0
t000400	1980/tv_com_1980_104.txt	1980	3	0	-1	-1	-1	-1	1	0	1	1	1	1	3	2	3	0
t000401	1980/tv_com_1980_105.txt	1980	-1	-3	0	0	0	0	0	-1	1	0	3	-1	2	0	2	0
t000402	1980/tv_com_1980_106.txt	1980	5	0	1	-1	0	0	0	0	0	4	1	2	4	0	1	3
t000403	1980/tv_com_1980_107.txt	1980	7	-1	0	0	0	-1	0	0	1	1	3	1	2	1	6	0
t000404	1980/tv_com_1980_108.txt	1980	1	0	-1	0	-1	0	0	1	1	3	5	1	4	2	3	0
t000405	1980/tv_com_1980_109.txt	1980	1	1	0	0	0	-2	0	1	4	1	0	1	-1	1	2	0
t000406	1980/tv_com_1980_110.txt	1980	0	0	0	0	0	0	0	-1	5	7	8	7	5	3	4	0
t000407	1980/tv_com_1980_111.txt	1980	4	0	0	0	0	-1	1	0	1	0	2	8	5	4	4	1
t000408	1980/tv_com_1980_112.txt	1980	1	0	0	0	0	0	0	0	-1	0	2	2	1	0	1	0
t000409	1980/tv_com_1980_114.txt	1980	1	0	0	-1	0	0	0	0	3	1	4	2	2	0	0	0
t000410	1980/tv_com_1980_115.txt	1980	2	1	0	0	0	0	1	0	2	7	8	0	3	3	3	0
t000411	1980/tv_com_1980_116.txt	1980	1	0	0	-1	0	0	0	0	14	3	-1	2	6	0	3	-2
t000412	1980/tv_com_1980_118.txt	1980	0	0	0	-1	0	0	0	0	0	2	2	-2	3	0	6	0
t000413	1990/tv_com_1990_1.txt	1990	5	0	3	0	-1	-1	0	-1	14	1	-2	5	7	1	5	0
t000414	1990/tv_com_1990_2.txt	1990	1	0	0	0	0	0	0	0	8	11	13	5	3	1	4	2
t000415	1990/tv_com_1990_3.txt	1990	2	-1	0	0	0	0	0	0	8	1	13	8	2	3	-1	-3
t000416	1990/tv_com_1990_4.txt	1990	2	0	-1	-1	0	0	0	0	6	0	8	2	2	2	7	2
t000417	1990/tv_com_1990_5.txt	1990	0	0	-1	0	0	0	0	1	2	2	6	2	7	0	2	1
t000418	1990/tv_com_1990_6.txt	1990	-1	-1	0	0	0	0	0	0	7	3	8	3	1	-1	0	0
t000419	1990/tv_com_1990_7.txt	1990	2	0	0	0	0	0	0	0	-1	1	1	2	3	1	4	-1
t000420	1990/tv_com_1990_8.txt	1990	0	-1	0	0	0	-1	0	0	6	7	5	3	1	0	3	-1
t000421	1990/tv_com_1990_10.txt	1990	2	0	1	0	0	-1	0	1	4	4	4	3	11	2	1	0
t000422	1990/tv_com_1990_11.txt	1990	5	0	0	0	0	0	1	0	5	1	6	9	6	1	2	0
t000423	1990/tv_com_1990_12.txt	1990	0	1	-1	-1	0	-1	0	1	17	6	19	4	2	-3	4	0
t000424	1990/tv_com_1990_13.txt	1990	0	2	0	0	0	0	0	-1	9	2	9	3	1	-1	2	3
t000425	1990/tv_com_1990_14.txt	1990	0	0	0	0	-1	0	0	0	1	1	6	0	0	0	3	1
t000426	1990/tv_com_1990_15.txt	1990	2	0	0	0	0	-2	-1	0	10	6	7	7	9	0	3	-1
t000427	1990/tv_com_1990_16.txt	1990	2	-1	0	0	0	-1	0	0	4	5	1	4	4	5	-2	1
t000428	1990/tv_com_1990_17.txt	1990	0	1	0	0	0	-1	1	-1	1	1	2	0	4	1	2	-1
t000429	1990/tv_com_1990_19.txt	1990	1	0	-1	-1	0	0	0	0	10	2	1	16	6	1	3	0
t000430	1990/tv_com_1990_21.txt	1990	3	0	0	0	0	0	0	1	6	6	6	4	5	3	2	0
t000431	1990/tv_com_1990_22.txt	1990	5	3	-1	0	0	0	-1	-1	0	1	3	1	2	3	-1	-3
t000432	1990/tv_com_1990_23.txt	1990	0	0	0	0	-1	1	0	0	0	0	2	1	0	0	2	0
t000433	1990/tv_com_1990_24.txt	1990	0	2	1	1	0	0	0	-1	1	6	9	2	-1	1	1	1
t000434	1990/tv_com_1990_25.txt	1990	0	0	1	0	0	-1	1	0	4	4	9	5	4	2	4	0
t000435	1990/tv_com_1990_26.txt	1990	1	0	0	0	0	-1	0	-1	3	3	13	1	7	0	2	0
t000436	1990/tv_com_1990_30.txt	1990	1	1	0	0	0	1	0	0	3	5	10	3	5	1	0	1
t000437	1990/tv_com_1990_31.txt	1990	0	0	0	0	-1	-1	0	0	10	-1	14	1	0	-1	3	0
t000438	1990/tv_com_1990_32.txt	1990	2	0	0	0	0	0	0	0	3	0	7	2	2	0	3	0
t000439	1990/tv_com_1990_34.txt	1990	2	1	0	0	1	0	0	0	4	1	3	0	2	1	6	-1
t000440	1990/tv_com_1990_35.txt	1990	1	2	0	0	0	0	0	-1	0	1	3	0	0	0	3	0
t000441	1990/tv_com_1990_36.txt	1990	2	0	0	0	0	0	0	0	1	3	3	4	9	1	7	0
t000442	1990/tv_com_1990_37.txt	1990	3	-2	0	-1	0	1	0	-1	6	0	6	2	10	3	2	4
t000443	1990/tv_com_1990_38.txt	1990	3	0	0	0	0	3	0	0	3	5	7	4	6	2	2	0
t000444	1990/tv_com_1990_40.txt	1990	0	0	1	0	0	-1	0	0	2	0	3	-1	0	1	0	0
t000445	1990/tv_com_1990_42.txt	1990	-2	-1	0	0	0	0	0	1	0	3	2	0	0	0	2	0
t000446	1990/tv_com_1990_43.txt	1990	2	0	0	0	-1	-2	1	0	0	1	3	3	6	3	1	0
t000447	1990/tv_com_1990_44.txt	1990	2	0	0	0	0	0	1	1	4	2	4	7	6	2	2	1
t000448	1990/tv_com_1990_45.txt	1990	1	0	1	0	0	0	-1	0	3	1	3	0	0	0	1	-1
t000449	1990/tv_com_1990_46.txt	1990	1	0	0	0	0	0	0	-1	-2	3	2	1	1	0	1	0
t000450	1990/tv_com_1990_47.txt	1990	1	0	0	-1	0	-1	0	0	4	1	3	2	3	1	2	0
t000451	1990/tv_com_1990_48.txt	1990	2	0	0	1	0	0	0	0	-2	0	2	3	0	2	4	2
t000452	1990/tv_com_1990_49.txt	1990	5	0	-1	0	0	-2	2	1	3	-1	2	2	3	2	3	1
t000453	1990/tv_com_1990_50.txt	1990	0	0	0	0	0	0	0	2	2	0	2	0	-1	1	1	-2
t000454	1990/tv_com_1990_51.txt	1990	4	0	0	0	-1	0	-1	0	-1	2	3	1	2	0	7	1
t000456	1990/tv_com_1990_53.txt	1990	3	-1	-1	0	0	-1	0	0	7	0	2	3	3	0	0	0
t000457	1990/tv_com_1990_54.txt	1990	-1	0	0	0	0	0	0	0	2	4	5	2	0	0	1	3
t000458	1990/tv_com_1990_55.txt	1990	1	0	0	0	0	0	0	0	1	4	6	3	3	1	7	-1
t000459	1990/tv_com_1990_56.txt	1990	2	1	0	0	2	0	0	0	5	2	3	0	2	1	0	0
t000460	1990/tv_com_1990_57.txt	1990	0	-1	0	0	-1	0	0	0	3	-1	9	4	2	1	3	1
t000461	1990/tv_com_1990_58.txt	1990	3	-1	1	1	-1	0	0	1	12	2	14	1	6	1	1	2
t000462	1990/tv_com_1990_59.txt	1990	5	0	1	0	0	0	0	0	7	1	5	5	4	1	10	0
t000463	1990/tv_com_1990_60.txt	1990	0	0	0	1	0	0	0	-1	1	1	1	0	0	0	2	0
t000464	1990/tv_com_1990_61.txt	1990	0	0	0	0	0	0	0	0	2	0	2	0	0	0	5	0
t000465	1990/tv_com_1990_63.txt	1990	0	1	0	0	0	-1	0	-1	6	13	19	1	2	0	0	0
t000466	1990/tv_com_1990_64.txt	1990	2	0	0	0	0	0	0	1	-1	2	1	1	2	1	3	4
t000467	1990/tv_com_1990_67.txt	1990	6	-1	0	1	0	0	0	0	2	2	9	2	13	3	0	-1
t000468	1990/tv_com_1990_68.txt	1990	-2	0	1	0	0	-2	1	1	5	-1	10	6	10	2	1	0
t000469	1990/tv_com_1990_69.txt	1990	1	0	0	0	0	0	-1	0	5	1	4	2	1	0	3	0
t000470	1990/tv_com_1990_70.txt	1990	0	-1	0	0	0	-1	0	0	0	1	9	4	1	1	5	1
t000471	1990/tv_com_1990_72.txt	1990	3	0	1	-1	-1	3	0	0	2	3	12	5	5	4	1	0
t000472	1990/tv_com_1990_73.txt	1990	1	0	0	0	0	-1	0	1	2	6	4	0	4	0	-1	0
t000473	1990/tv_com_1990_74.txt	1990	-2	1	0	0	-1	0	0	-1	7	1	8	2	1	0	4	0
t000475	1990/tv_com_1990_76.txt	1990	0	0	2	0	-2	-1	0	0	10	0	2	-1	4	1	1	1
t000476	1990/tv_com_1990_77.txt	1990	3	-1	0	1	0	0	0	0	3	5	1	2	1	1	1	-1
t000477	1990/tv_com_1990_78.txt	1990	0	0	1	0	0	-1	0	0	2	1	5	1	-1	0	5	0
t000478	1990/tv_com_1990_79.txt	1990	-1	0	0	0	0	-1	0	0	6	0	3	4	6	0	5	0
t000479	1990/tv_com_1990_80.txt	1990	1	0	2	1	-2	1	0	0	17	1	13	2	6	3	-1	-2
t000480	1990/tv_com_1990_81.txt	1990	0	1	0	0	-1	0	0	0	5	1	7	1	1	0	2	0
t000482	1990/tv_com_1990_83.txt	1990	2	0	0	-1	0	0	1	0	0	2	3	0	-1	1	4	0
t000483	1990/tv_com_1990_84.txt	1990	1	0	0	0	0	1	0	0	-1	10	2	0	1	3	2	-2
t000484	1990/tv_com_1990_85.txt	1990	2	0	0	0	0	0	0	0	4	0	5	1	0	-1	0	0
t000485	1990/tv_com_1990_86.txt	1990	1	1	1	0	1	0	0	0	11	2	5	3	10	-2	5	-1
t000486	1990/tv_com_1990_87.txt	1990	-1	1	0	-1	0	-2	1	1	4	5	-1	4	-1	3	4	0
t000487	1990/tv_com_1990_88.txt	1990	5	0	0	0	0	0	0	-1	5	2	1	8	16	-1	1	1
t000488	1990/tv_com_1990_89.txt	1990	1	0	2	0	0	0	1	0	10	6	7	4	7	0	2	1
t000489	1990/tv_com_1990_90.txt	1990	0	0	1	0	0	0	0	0	7	2	12	3	3	0	2	0
t000490	1990/tv_com_1990_91.txt	1990	3	0	1	0	0	0	0	0	14	1	10	1	1	1	-1	-1
t000491	1990/tv_com_1990_92.txt	1990	2	0	2	0	0	0	0	0	7	1	0	-1	3	2	1	0
t000492	1990/tv_com_1990_93.txt	1990	-1	1	3	1	1	0	-1	-1	5	3	2	-5	3	1	1	0
t000493	1990/tv_com_1990_95.txt	1990	2	0	0	1	-1	0	0	1	6	3	16	5	5	1	10	0
t000494	1990/tv_com_1990_96.txt	1990	2	1	1	0	-2	0	0	0	2	1	9	2	1	0	5	0
t000495	1990/tv_com_1990_97.txt	1990	3	0	0	0	0	0	0	0	4	2	6	5	3	1	-1	1
t000496	1990/tv_com_1990_98.txt	1990	1	0	0	0	0	0	0	-1	5	0	6	10	1	0	6	1
t000497	1990/tv_com_1990_100.txt	1990	2	1	1	0	0	0	0	0	4	0	7	5	4	1	9	-1
t000498	1990/tv_com_1990_102.txt	1990	0	1	0	1	2	0	1	1	3	2	0	-1	1	1	4	3
t000499	1990/tv_com_1990_103.txt	1990	1	0	0	0	0	-2	1	0	4	1	3	0	5	5	0	1
t000500	1990/tv_com_1990_104.txt	1990	0	0	0	0	0	-1	1	0	3	5	3	3	1	4	3	1
t000501	1990/tv_com_1990_105.txt	1990	0	0	0	0	0	3	0	0	6	1	0	3	0	6	3	0
t000502	1990/tv_com_1990_106.txt	1990	1	0	0	0	0	0	1	1	3	3	1	3	-1	5	3	1
t000503	1990/tv_com_1990_107.txt	1990	2	0	0	-1	0	1	1	-1	7	1	4	0	4	3	5	0
t000504	1990/tv_com_1990_108.txt	1990	1	-1	0	0	-2	0	0	0	2	2	4	1	2	5	4	0
t000505	1990/tv_com_1990_109.txt	1990	6	-2	-1	2	0	0	0	-1	1	4	0	1	3	0	4	0
t000506	1990/tv_com_1990_111.txt	1990	0	0	0	0	0	-1	1	0	6	-1	6	3	0	7	4	1
t000507	1990/tv_com_1990_112.txt	1990	3	-1	1	0	0	0	0	1	2	5	10	-1	5	1	2	0
t000508	1990/tv_com_1990_113.txt	1990	1	0	0	0	-1	0	0	2	0	2	1	0	6	1	2	0
t000509	1990/tv_com_1990_114.txt	1990	4	1	0	0	0	0	0	0	-1	3	2	2	0	0	3	0
t000510	1990/tv_com_1990_115.txt	1990	1	0	0	0	-1	0	0	0	5	2	2	1	-1	11	1	0
t000511	1990/tv_com_1990_116.txt	1990	3	-1	0	-1	-3	1	0	0	3	4	1	1	4	6	7	0
t000512	1990/tv_com_1990_117.txt	1990	4	0	0	0	0	0	0	0	2	2	1	1	1	4	1	0
t000513	1990/tv_com_1990_118.txt	1990	0	0	0	-1	0	0	0	0	1	4	6	0	-1	9	2	0
t000514	1990/tv_com_1990_119.txt	1990	2	0	1	-1	-1	0	0	1	4	7	4	8	3	4	4	1
t000515	1990/tv_com_1990_120.txt	1990	2	1	1	-1	-1	0	1	0	1	3	2	1	1	1	7	0
t000516	2000/tv_com_2000_1.txt	2000	0	0	-1	0	0	-1	0	1	7	1	1	4	8	0	1	0
t000517	2000/tv_com_2000_2.txt	2000	7	0	1	-1	1	-1	0	2	10	1	2	8	5	1	-1	1
t000518	2000/tv_com_2000_4.txt	2000	0	-1	0	0	0	0	0	0	6	1	5	12	10	-2	3	1
t000519	2000/tv_com_2000_5.txt	2000	0	0	0	1	0	0	0	0	6	3	4	2	7	0	1	1
t000520	2000/tv_com_2000_6.txt	2000	1	0	-1	-1	0	-2	1	0	5	5	6	11	3	3	-2	1
t000521	2000/tv_com_2000_7.txt	2000	1	1	0	0	0	0	0	1	22	3	4	8	9	3	2	0
t000522	2000/tv_com_2000_8.txt	2000	2	0	0	0	0	-1	0	-1	5	6	6	5	14	1	-2	1
t000523	2000/tv_com_2000_9.txt	2000	0	0	0	-2	0	-1	1	0	4	4	3	4	12	0	-2	-1
t000524	2000/tv_com_2000_10.txt	2000	3	0	1	0	1	1	0	-1	5	3	2	3	15	1	1	1
t000525	2000/tv_com_2000_11.txt	2000	0	-1	-2	0	0	-1	1	0	18	2	3	4	9	3	0	1
t000526	2000/tv_com_2000_12.txt	2000	1	0	0	1	0	0	0	1	1	8	7	3	1	1	2	1
t000527	2000/tv_com_2000_13.txt	2000	0	-1	0	-1	0	0	0	-1	13	-1	4	8	6	1	2	-1
t000528	2000/tv_com_2000_15.txt	2000	0	0	0	-1	0	0	0	-1	0	1	3	0	0	1	2	0
t000529	2000/tv_com_2000_16.txt	2000	1	0	0	0	0	-1	0	0	0	1	2	0	1	0	0	1
t000530	2000/tv_com_2000_17.txt	2000	1	0	0	-1	1	0	0	-2	5	5	2	6	4	0	1	0
t000531	2000/tv_com_2000_18.txt	2000	0	0	0	0	0	1	0	0	3	6	3	14	6	2	2	-1
t000532	2000/tv_com_2000_19.txt	2000	3	-1	1	-1	1	-1	0	-1	16	0	1	4	9	2	1	1
t000533	2000/tv_com_2000_21.txt	2000	-1	0	0	0	0	0	0	0	5	8	2	5	5	1	0	2
t000534	2000/tv_com_2000_22.txt	2000	3	-1	1	-1	0	0	0	1	4	7	3	3	8	0	0	-1
t000535	2000/tv_com_2000_23.txt	2000	3	-1	0	0	1	-1	0	0	11	2	0	8	6	0	0	2
t000536	2000/tv_com_2000_24.txt	2000	0	-2	0	0	0	0	0	1	12	3	4	2	7	2	-1	0
t000537	2000/tv_com_2000_25.txt	2000	0	0	1	0	0	0	0	0	21	4	1	10	5	-1	1	0
t000539	2000/tv_com_2000_28.txt	2000	0	0	1	0	0	0	0	1	12	8	0	3	10	1	2	-1
t000540	2000/tv_com_2000_30.txt	2000	0	1	0	0	1	0	-1	-1	10	2	8	2	3	0	2	1
t000541	2000/tv_com_2000_31.txt	2000	2	0	0	0	-1	0	0	2	0	2	1	0	0	0	0	2
t000542	2000/tv_com_2000_32.txt	2000	1	1	1	0	0	0	1	0	10	1	10	5	2	1	0	0
t000543	2000/tv_com_2000_33.txt	2000	3	0	0	0	0	0	0	0	7	1	7	7	6	1	-1	1
t000544	2000/tv_com_2000_34.txt	2000	1	0	0	0	1	0	1	0	15	12	-2	7	9	3	3	4
t000545	2000/tv_com_2000_35.txt	2000	2	0	0	0	0	0	0	0	9	2	13	-1	0	1	3	3
t000546	2000/tv_com_2000_36.txt	2000	1	-1	0	0	0	0	0	0	4	2	4	0	1	2	2	0
t000547	2000/tv_com_2000_37.txt	2000	1	-1	0	-1	0	0	0	1	3	3	7	1	10	1	1	0
t000548	2000/tv_com_2000_39.txt	2000	1	-1	1	0	0	0	0	1	4	9	1	0	9	2	4	-1
t000549	2000/tv_com_2000_40.txt	2000	3	-1	0	-1	0	0	0	0	5	1	6	3	5	3	5	0
t000550	2000/tv_com_2000_41.txt	2000	-1	-1	0	0	0	0	1	0	19	4	2	10	6	-1	3	-4
t000551	2000/tv_com_2000_42.txt	2000	1	1	1	0	-1	-1	1	0	8	6	2	0	7	0	0	-2
t000552	2000/tv_com_2000_43.txt	2000	1	0	0	0	1	-2	0	1	28	3	6	7	1	-1	3	-1
t000553	2000/tv_com_2000_45.txt	2000	-1	0	0	0	0	-1	0	0	22	3	10	3	2	0	0	0
t000554	2000/tv_com_2000_46.txt	2000	2	0	0	0	0	-1	0	0	6	5	6	4	7	-1	13	0
t000555	2000/tv_com_2000_47.txt	2000	4	0	0	-1	0	-1	1	2	-4	19	1	4	8	-1	1	5
t000556	2000/tv_com_2000_48.txt	2000	2	-2	0	-1	0	-1	0	0	13	5	1	4	9	2	-2	4
t000557	2000/tv_com_2000_49.txt	2000	2	0	0	0	0	0	0	2	11	6	2	5	7	1	2	0
t000558	2000/tv_com_2000_50.txt	2000	5	1	1	0	-1	-1	0	-1	5	3	2	3	2	3	2	-1
t000559	2000/tv_com_2000_51.txt	2000	-1	-1	0	0	-1	0	0	0	18	5	6	4	2	0	0	-2
t000560	2000/tv_com_2000_52.txt	2000	0	0	0	0	0	0	1	0	13	12	6	3	6	2	3	1
t000561	2000/tv_com_2000_54.txt	2000	-2	0	1	0	1	0	0	-1	11	3	1	2	8	0	1	2
t000562	2000/tv_com_2000_55.txt	2000	0	0	0	0	-1	0	0	0	13	3	-1	8	10	-1	0	2
t000563	2000/tv_com_2000_56.txt	2000	-2	1	0	1	0	0	0	0	14	9	6	3	8	1	-2	-2
t000564	2000/tv_com_2000_57.txt	2000	3	0	0	-1	1	-1	0	0	-1	17	5	6	5	-2	2	2
t000565	2000/tv_com_2000_58.txt	2000	0	1	1	0	0	0	0	-1	15	0	11	10	6	-1	-1	0
t000566	2000/tv_com_2000_59.txt	2000	-4	0	0	3	0	0	0	0	4	10	4	-2	0	0	-2	-2
t000567	2000/tv_com_2000_60.txt	2000	-2	0	0	0	-1	0	0	1	-2	7	-1	3	3	0	-2	1
t000568	2000/tv_com_2000_61.txt	2000	3	0	0	0	0	0	0	2	11	10	1	16	8	1	10	-1
t000569	2000/tv_com_2000_62.txt	2000	1	0	1	0	-1	0	0	0	2	3	2	2	3	2	4	0
t000570	2000/tv_com_2000_63.txt	2000	2	0	0	0	-1	-1	0	1	4	5	3	1	6	6	-1	0
t000571	2000/tv_com_2000_64.txt	2000	1	0	0	0	-1	0	0	0	1	1	1	3	1	3	2	0
t000572	2000/tv_com_2000_65.txt	2000	0	0	0	0	-1	0	0	0	31	2	1	1	1	3	-1	0
t000573	2000/tv_com_2000_66.txt	2000	3	0	0	0	0	0	0	0	2	4	0	4	2	11	1	1
t000574	2000/tv_com_2000_67.txt	2000	0	0	0	0	0	0	1	0	1	5	0	4	10	5	0	0
t000575	2000/tv_com_2000_68.txt	2000	0	0	0	0	-2	0	0	0	9	6	1	8	8	4	3	0
t000576	2000/tv_com_2000_69.txt	2000	2	-1	1	0	-1	-1	0	0	12	0	2	2	8	6	0	0
t000577	2000/tv_com_2000_70.txt	2000	1	-1	-1	0	-1	0	0	0	4	1	1	2	4	6	0	0
t000578	2000/tv_com_2000_72.txt	2000	2	-2	0	1	-2	1	0	0	6	1	1	2	1	3	0	1
t000579	2000/tv_com_2000_74.txt	2000	1	0	0	0	-1	0	1	0	1	2	5	5	3	9	-1	0
t000580	2000/tv_com_2000_75.txt	2000	0	0	0	0	0	0	0	0	4	0	4	0	4	8	5	0
t000581	2000/tv_com_2000_76.txt	2000	6	0	0	-1	-1	1	-1	1	13	3	2	12	5	6	3	0
t000582	2000/tv_com_2000_77.txt	2000	0	0	1	0	0	0	0	0	2	2	3	5	5	1	2	2
t000583	2000/tv_com_2000_79.txt	2000	2	-1	0	0	-1	0	-1	2	5	7	1	8	7	14	5	2
t000584	2000/tv_com_2000_80.txt	2000	2	-1	1	0	-1	0	0	0	8	3	0	2	5	1	2	0
t000585	2000/tv_com_2000_81.txt	2000	3	-1	0	1	0	-1	0	0	8	8	2	5	14	-2	-2	1
t000586	2000/tv_com_2000_82.txt	2000	0	0	0	0	-1	0	0	1	4	5	0	4	3	6	2	0
t000587	2000/tv_com_2000_84.txt	2000	-1	0	0	0	0	0	1	0	10	3	1	3	2	3	3	2
t000588	2000/tv_com_2000_85.txt	2000	1	-1	0	-1	0	0	0	0	8	6	-4	8	8	0	3	2
t000589	2000/tv_com_2000_86.txt	2000	0	-1	0	-1	0	0	0	0	1	2	3	0	0	1	1	0
t000590	2000/tv_com_2000_87.txt	2000	0	0	0	-1	0	0	0	1	1	4	6	4	2	2	1	-1
t000591	2000/tv_com_2000_88.txt	2000	0	0	0	0	0	0	0	0	4	0	3	3	1	1	1	0
t000592	2000/tv_com_2000_89.txt	2000	0	0	0	0	0	2	0	1	12	2	-1	4	2	2	3	0
t000593	2000/tv_com_2000_90.txt	2000	0	0	1	0	-1	0	0	0	2	0	2	2	1	1	2	0
t000594	2000/tv_com_2000_91.txt	2000	0	-1	0	0	0	0	0	1	3	-1	3	4	6	5	-3	0
t000595	2000/tv_com_2000_92.txt	2000	0	0	0	-1	0	0	0	0	1	0	5	-1	0	1	1	2
t000596	2000/tv_com_2000_93.txt	2000	2	-1	0	-1	0	1	2	0	6	1	1	6	1	0	4	0
t000597	2000/tv_com_2000_94.txt	2000	1	0	1	0	0	0	0	-1	1	0	4	4	5	3	2	0
t000598	2000/tv_com_2000_95.txt	2000	3	0	0	1	0	-1	0	-1	0	3	1	0	5	0	3	0
t000599	2000/tv_com_2000_96.txt	2000	0	0	0	-1	-1	0	0	0	4	2	4	2	0	-1	5	1
t000600	2000/tv_com_2000_97.txt	2000	0	0	0	0	-2	0	0	1	8	4	-1	7	9	5	-2	1
t000601	2000/tv_com_2000_98.txt	2000	1	0	0	0	-1	1	0	0	6	-1	10	11	0	0	2	0
t000602	2000/tv_com_2000_99.txt	2000	2	0	0	0	0	0	0	0	1	5	5	7	2	5	1	2
t000603	2000/tv_com_2000_100.txt	2000	1	-1	0	0	-1	0	0	0	0	0	0	0	0	0	4	2
t000604	2000/tv_com_2000_101.txt	2000	3	0	1	1	0	0	0	2	17	3	2	-2	-2	0	2	-1
t000605	2000/tv_com_2000_102.txt	2000	1	0	0	0	-1	0	0	1	14	1	2	0	0	0	0	2
t000606	2000/tv_com_2000_103.txt	2000	1	1	0	0	0	-1	1	-1	14	2	2	3	4	2	2	7
t000607	2000/tv_com_2000_105.txt	2000	0	3	1	-1	0	-2	0	0	19	3	2	1	2	1	0	-2
t000608	2000/tv_com_2000_106.txt	2000	4	-3	3	1	-1	0	0	-1	22	2	4	-1	9	1	-2	0
t000609	2000/tv_com_2000_107.txt	2000	2	0	1	0	0	-2	0	0	17	-1	5	6	4	0	0	1
t000610	2000/tv_com_2000_108.txt	2000	0	-1	-1	0	-1	0	0	0	23	2	14	0	1	0	-2	3
t000611	2000/tv_com_2000_109.txt	2000	0	1	2	0	-1	0	0	0	19	5	0	6	2	0	-1	-2
t000612	2000/tv_com_2000_112.txt	2000	0	0	1	0	0	0	0	-1	30	-6	2	3	7	1	2	0
t000613	2000/tv_com_2000_113.txt	2000	0	2	0	0	0	0	0	-1	24	3	5	-1	1	1	0	10
t000614	2000/tv_com_2000_115.txt	2000	3	0	0	0	-1	-1	0	-1	2	5	6	0	11	1	3	0
t000615	2000/tv_com_2000_116.txt	2000	3	-1	0	0	0	0	0	1	25	3	2	7	12	0	1	2
t000616	2000/tv_com_2000_118.txt	2000	6	0	1	-1	0	-1	0	1	20	2	10	2	6	1	1	-1
t000617	2000/tv_com_2000_119.txt	2000	1	1	1	0	-2	0	0	0	22	2	3	1	-1	0	-4	-1
t000618	2000/tv_com_2000_120.txt	2000	0	0	0	0	-2	0	1	0	29	2	7	-2	2	2	0	3
t000619	2010/tv_com_2010_2.txt	2010	1	0	0	0	0	0	0	0	3	3	2	6	2	0	8	0
t000620	2010/tv_com_2010_3.txt	2010	3	1	1	-1	0	0	0	2	2	1	8	8	3	4	3	0
t000621	2010/tv_com_2010_4.txt	2010	4	0	0	0	-1	1	0	0	7	4	12	3	10	-1	-1	-1
t000622	2010/tv_com_2010_5.txt	2010	0	-1	0	0	0	0	0	1	14	0	8	0	1	2	0	3
t000623	2010/tv_com_2010_6.txt	2010	0	0	1	0	0	0	0	0	4	4	5	4	8	4	1	2
t000624	2010/tv_com_2010_8.txt	2010	-3	-1	1	1	0	0	0	0	7	13	2	12	4	7	-2	2
t000625	2010/tv_com_2010_9.txt	2010	4	1	0	0	0	-1	1	0	18	3	2	0	7	1	1	-1
t000626	2010/tv_com_2010_10.txt	2010	2	0	0	0	1	0	0	0	2	10	1	0	11	0	4	2
t000627	2010/tv_com_2010_11.txt	2010	0	-1	0	0	-1	-2	-1	1	7	10	4	1	12	1	-1	-3
t000628	2010/tv_com_2010_13.txt	2010	0	-1	1	0	0	-2	0	-1	4	4	7	3	21	0	-1	-3
t000629	2010/tv_com_2010_14.txt	2010	4	0	1	0	0	-2	1	0	5	3	6	2	17	1	-1	-1
t000630	2010/tv_com_2010_15.txt	2010	-1	0	1	0	-1	0	0	0	8	7	6	1	5	2	0	0
t000631	2010/tv_com_2010_16.txt	2010	3	-1	2	0	0	-1	1	1	4	2	0	-1	8	2	0	-3
t000632	2010/tv_com_2010_17.txt	2010	1	0	0	0	0	0	0	0	25	7	3	2	5	0	-2	5
t000633	2010/tv_com_2010_18.txt	2010	1	1	0	0	1	0	0	0	5	8	0	4	7	-1	0	0
t000634	2010/tv_com_2010_19.txt	2010	4	0	0	0	0	0	-1	0	3	0	1	1	0	0	3	2
t000635	2010/tv_com_2010_20.txt	2010	5	2	2	0	-1	1	0	0	4	10	0	4	10	2	1	0
t000636	2010/tv_com_2010_22.txt	2010	3	1	0	0	0	0	0	0	20	10	3	7	8	1	1	0
t000637	2010/tv_com_2010_23.txt	2010	0	-1	3	0	0	0	-1	0	10	9	1	-4	1	0	-1	0
t000638	2010/tv_com_2010_24.txt	2010	3	0	1	0	-2	-1	1	0	24	8	2	4	8	1	-2	1
t000639	2010/tv_com_2010_25.txt	2010	0	1	0	0	0	0	0	0	4	2	9	1	0	1	-2	0
t000640	2010/tv_com_2010_26.txt	2010	1	0	1	0	-1	0	0	0	19	5	2	7	8	0	-3	5
t000641	2010/tv_com_2010_27.txt	2010	2	0	1	0	-1	0	0	0	10	4	6	3	1	1	-2	0
t000642	2010/tv_com_2010_29.txt	2010	1	0	0	0	0	0	0	0	7	9	4	1	2	14	0	2
t000643	2010/tv_com_2010_30.txt	2010	-1	0	0	0	1	-1	0	0	6	3	1	13	6	3	0	0
t000644	2010/tv_com_2010_31.txt	2010	0	0	0	0	-1	-1	1	0	1	8	2	-1	4	4	-1	5
t000645	2010/tv_com_2010_32.txt	2010	1	-1	0	0	0	-2	0	0	1	2	3	2	4	5	1	2
t000646	2010/tv_com_2010_35.txt	2010	1	-1	0	0	1	0	0	0	6	5	2	6	5	-2	-3	0
t000647	2010/tv_com_2010_36.txt	2010	-1	0	0	0	0	-1	0	1	2	15	-3	7	3	1	1	0
t000648	2010/tv_com_2010_37.txt	2010	-2	0	0	-1	0	1	0	0	21	8	10	4	0	2	1	1
t000649	2010/tv_com_2010_38.txt	2010	2	-1	0	-1	0	0	-1	0	14	8	-3	3	12	6	1	-1
t000650	2010/tv_com_2010_39.txt	2010	0	1	1	0	0	0	-1	0	9	3	8	9	11	0	-1	-1
t000651	2010/tv_com_2010_40.txt	2010	2	0	1	0	0	0	-1	-1	2	9	4	6	13	0	3	1
t000652	2010/tv_com_2010_41.txt	2010	0	0	0	-1	1	0	0	0	9	7	-3	1	10	1	0	1
t000653	2010/tv_com_2010_42.txt	2010	2	0	-1	0	0	0	-1	0	9	5	-3	3	8	-1	2	9
t000654	2010/tv_com_2010_43.txt	2010	2	0	1	0	0	0	1	1	24	4	-8	2	13	4	-1	5
t000655	2010/tv_com_2010_45.txt	2010	5	0	1	0	0	0	0	1	10	9	2	0	7	0	0	-2
t000656	2010/tv_com_2010_47.txt	2010	0	0	1	0	0	0	0	0	3	5	-1	0	5	-2	0	2
t000657	2010/tv_com_2010_48.txt	2010	1	0	0	-2	0	-1	0	1	5	3	4	3	0	0	1	-1
t000658	2010/tv_com_2010_49.txt	2010	4	1	0	0	0	0	0	1	11	4	3	5	2	3	0	5
t000659	2010/tv_com_2010_50.txt	2010	0	0	-1	-1	0	-1	0	0	9	1	1	1	1	4	-1	0
t000660	2010/tv_com_2010_51.txt	2010	2	0	0	0	0	-1	1	0	9	18	3	9	7	2	4	-1
t000661	2010/tv_com_2010_52.txt	2010	0	-2	0	0	-1	-1	0	0	16	10	-1	0	9	1	1	-7
t000662	2010/tv_com_2010_53.txt	2010	1	1	0	0	0	-1	0	0	30	4	12	0	3	3	0	-5
t000663	2010/tv_com_2010_55.txt	2010	1	3	1	0	-1	-1	0	1	5	7	3	3	8	-1	0	-1
t000664	2010/tv_com_2010_56.txt	2010	1	-1	1	0	0	-1	0	1	8	6	-2	4	3	1	-2	2
t000665	2010/tv_com_2010_57.txt	2010	2	0	0	2	0	0	0	1	6	7	4	2	6	3	0	4
t000666	2010/tv_com_2010_58.txt	2010	4	-3	0	0	0	1	0	0	15	7	-1	0	14	-1	2	4
t000667	2010/tv_com_2010_59.txt	2010	-1	0	1	0	0	0	0	0	7	10	2	17	2	4	0	-1
t000668	2010/tv_com_2010_60.txt	2010	-1	0	0	0	0	-1	1	0	5	3	6	19	4	5	0	-1
t000669	2010/tv_com_2010_61.txt	2010	-1	1	0	0	0	-1	0	0	23	2	9	4	6	1	0	4
t000670	2010/tv_com_2010_62.txt	2010	1	0	0	0	-2	0	1	1	5	3	0	2	6	0	2	2
t000671	2010/tv_com_2010_63.txt	2010	1	0	0	0	1	-1	0	0	14	3	-6	9	13	0	1	1
t000672	2010/tv_com_2010_64.txt	2010	2	0	1	-1	0	0	-1	0	10	5	-2	2	14	1	2	2
t000673	2010/tv_com_2010_65.txt	2010	2	0	0	-1	0	-1	1	-1	6	8	2	11	12	2	-1	0
t000674	2010/tv_com_2010_66.txt	2010	2	0	1	0	-1	0	1	-1	8	7	3	3	14	1	-3	-3
t000675	2010/tv_com_2010_68.txt	2010	0	1	0	0	-1	0	0	0	7	2	16	7	10	5	-1	-1
t000676	2010/tv_com_2010_69.txt	2010	0	1	0	1	0	0	2	0	5	9	0	6	9	1	-1	2
t000677	2010/tv_com_2010_70.txt	2010	3	1	0	0	1	0	0	0	13	1	2	5	8	2	-1	1
t000678	2010/tv_com_2010_71.txt	2010	2	-2	1	0	0	0	0	0	1	2	0	-1	5	1	0	0
t000679	2010/tv_com_2010_72.txt	2010	2	0	0	0	0	-2	-1	0	6	5	2	5	14	1	-1	2
t000680	2010/tv_com_2010_75.txt	2010	5	-1	0	0	0	0	0	0	11	5	2	0	9	5	1	0
t000681	2010/tv_com_2010_76.txt	2010	1	1	-1	-1	0	-1	0	1	9	15	-5	11	8	-1	1	0
t000682	2010/tv_com_2010_77.txt	2010	-3	1	0	0	0	-1	0	0	3	7	5	1	6	3	-1	-3
t000683	2010/tv_com_2010_78.txt	2010	0	0	0	1	-2	0	0	0	18	6	13	4	2	1	-2	-1
t000684	2010/tv_com_2010_79.txt	2010	0	0	0	0	0	0	0	0	1	6	-1	3	1	1	-1	0
t000685	2010/tv_com_2010_80.txt	2010	0	0	0	0	0	0	0	0	13	2	1	6	2	-3	2	-2
t000686	2010/tv_com_2010_81.txt	2010	0	1	1	0	0	0	0	0	1	3	-1	7	2	-1	-1	-2
t000687	2010/tv_com_2010_82.txt	2010	0	-1	1	0	-1	0	0	0	6	5	5	13	9	1	-1	0
t000688	2010/tv_com_2010_83.txt	2010	0	1	1	0	-1	0	0	1	27	5	9	0	10	-1	-1	2
t000689	2010/tv_com_2010_84.txt	2010	2	0	0	0	0	0	0	0	6	10	-1	5	10	-3	3	2
t000690	2010/tv_com_2010_85.txt	2010	3	0	0	0	0	0	0	1	0	4	5	0	1	0	0	0
t000691	2010/tv_com_2010_87.txt	2010	0	0	0	0	0	0	0	0	8	2	4	2	4	1	-1	0
t000692	2010/tv_com_2010_88.txt	2010	1	0	0	-1	0	0	0	0	6	4	3	1	7	5	0	-2
t000693	2010/tv_com_2010_90.txt	2010	2	1	0	0	-1	-3	0	0	0	7	0	3	17	2	1	0
t000694	2010/tv_com_2010_91.txt	2010	2	-1	2	1	0	-1	1	0	3	7	-1	0	1	0	1	0
t000695	2010/tv_com_2010_92.txt	2010	1	0	0	0	0	0	0	0	9	7	1	2	7	1	2	-1
t000696	2010/tv_com_2010_93.txt	2010	2	0	0	0	-1	-1	0	0	20	4	7	-1	1	2	-3	2
t000697	2010/tv_com_2010_94.txt	2010	0	0	0	-1	0	0	0	-1	7	10	10	5	2	1	0	-1
t000698	2010/tv_com_2010_95.txt	2010	3	1	0	0	0	0	0	-1	23	3	10	3	1	1	-2	-2
t000699	2010/tv_com_2010_96.txt	2010	2	-2	0	1	1	-4	0	1	4	4	0	12	7	1	1	0
t000700	2010/tv_com_2010_97.txt	2010	1	2	0	0	0	0	0	1	3	4	1	1	1	0	0	0
t000701	2010/tv_com_2010_98.txt	2010	-1	-1	1	-1	0	0	0	1	25	4	2	3	33	2	3	3
t000702	2010/tv_com_2010_99.txt	2010	-1	-1	0	0	0	0	0	0	7	4	1	6	10	2	1	1
t000703	2010/tv_com_2010_100.txt	2010	2	0	0	0	0	0	0	-1	7	0	0	2	14	1	-6	0
t000704	2010/tv_com_2010_102.txt	2010	2	-1	1	0	0	2	0	0	1	1	0	1	4	5	0	0
t000705	2010/tv_com_2010_103.txt	2010	0	-1	0	0	0	0	0	0	5	7	-1	3	12	9	-1	0
t000706	2010/tv_com_2010_104.txt	2010	0	-1	1	0	0	0	1	0	3	2	2	1	5	8	2	-1
t000707	2010/tv_com_2010_105.txt	2010	3	0	0	-1	0	-1	0	0	4	7	-2	8	10	1	-1	1
t000708	2010/tv_com_2010_107.txt	2010	4	2	0	0	-2	1	1	0	5	3	2	0	5	3	-1	0
t000709	2010/tv_com_2010_108.txt	2010	4	-2	0	1	-1	1	1	2	7	1	0	6	8	6	1	0
t000710	2010/tv_com_2010_109.txt	2010	2	0	0	0	0	1	0	1	12	6	-3	7	9	8	0	0
t000711	2010/tv_com_2010_110.txt	2010	0	0	0	0	0	0	1	1	7	10	-1	4	7	9	2	4
t000712	2010/tv_com_2010_111.txt	2010	1	0	0	-1	-2	0	0	0	6	0	3	6	-1	9	-3	-1
t000713	2010/tv_com_2010_112.txt	2010	1	-1	0	0	0	0	0	0	9	6	-1	5	3	10	1	3
t000714	2010/tv_com_2010_113.txt	2010	2	1	1	-1	0	0	1	0	4	6	2	6	12	4	1	-1
t000715	2010/tv_com_2010_114.txt	2010	2	0	0	0	0	2	-1	1	1	1	0	7	7	2	-1	5
t000716	2010/tv_com_2010_115.txt	2010	2	0	0	0	0	0	0	0	8	5	4	4	2	4	0	0
t000717	2010/tv_com_2010_116.txt	2010	0	0	0	0	0	1	0	0	2	3	2	1	3	1	1	3
t000718	2010/tv_com_2010_117.txt	2010	2	0	0	0	-1	0	0	0	5	9	-1	1	3	5	1	2
t000719	2010/tv_com_2010_118.txt	2010	0	0	0	-1	-1	-1	0	0	7	3	-2	8	5	5	1	6
t000720	2010/tv_com_2010_119.txt	2010	2	-2	2	-1	0	0	1	-1	10	1	2	8	6	0	-2	0
t000721	2010/tv_com_2010_120.txt	2010	4	0	0	0	0	0	0	0	10	2	-1	4	6	6	2	0
t000722	2020/tv_com_2020_1.txt	2020	3	0	2	0	0	0	0	2	12	13	0	13	6	3	-1	-1
t000723	2020/tv_com_2020_2.txt	2020	0	-1	0	0	0	-1	0	2	6	5	0	-1	12	11	0	0
t000724	2020/tv_com_2020_3.txt	2020	0	-1	0	0	0	0	0	0	9	2	0	5	10	2	1	1
t000725	2020/tv_com_2020_4.txt	2020	2	1	0	0	0	-1	0	1	4	10	6	3	6	1	5	0
t000726	2020/tv_com_2020_5.txt	2020	3	1	0	0	0	1	0	-1	3	11	3	-1	9	3	3	0
t000727	2020/tv_com_2020_6.txt	2020	1	0	1	0	0	0	0	0	7	17	10	9	8	1	2	-1
t000728	2020/tv_com_2020_7.txt	2020	-1	0	0	1	2	0	-1	2	22	17	-8	7	4	1	1	3
t000729	2020/tv_com_2020_8.txt	2020	6	1	0	0	-1	-1	0	1	8	10	2	4	19	4	1	0
t000730	2020/tv_com_2020_10.txt	2020	3	-1	0	0	0	-1	-1	0	0	2	-1	2	4	1	1	0
t000731	2020/tv_com_2020_12.txt	2020	3	-1	1	0	0	-1	1	0	7	6	1	-3	3	4	-1	-2
t000732	2020/tv_com_2020_13.txt	2020	2	0	0	0	0	-1	0	1	8	10	8	5	-1	9	6	-1
t000733	2020/tv_com_2020_14.txt	2020	3	1	2	0	-3	0	1	1	15	7	0	4	7	6	2	3
t000734	2020/tv_com_2020_15.txt	2020	0	-1	0	0	0	0	0	0	4	10	6	5	0	1	0	3
t000735	2020/tv_com_2020_16.txt	2020	0	-1	0	0	0	-1	-1	1	10	18	-2	1	2	3	0	0
t000736	2020/tv_com_2020_17.txt	2020	0	-1	-1	0	0	0	0	-1	3	3	1	1	7	2	3	0
t000737	2020/tv_com_2020_18.txt	2020	0	0	1	0	0	-4	1	1	23	3	-1	3	9	1	-6	-1
t000738	2020/tv_com_2020_19.txt	2020	1	0	0	0	0	0	0	2	7	7	7	6	4	3	2	0
t000739	2020/tv_com_2020_20.txt	2020	1	0	0	-1	0	1	0	0	9	5	3	1	7	0	0	2
t000740	2020/tv_com_2020_21.txt	2020	1	0	0	0	0	1	0	0	2	2	1	1	12	10	-1	-1
t000741	2020/tv_com_2020_22.txt	2020	-1	1	0	1	0	0	0	0	7	10	2	1	1	14	-1	0
t000742	2020/tv_com_2020_23.txt	2020	0	0	0	0	0	-1	0	2	5	1	3	0	-1	1	1	1
t000743	2020/tv_com_2020_24.txt	2020	2	0	0	0	0	0	0	0	0	5	1	6	5	2	5	1
t000744	2020/tv_com_2020_25.txt	2020	1	0	1	0	0	2	0	0	2	6	-1	0	3	4	-1	-1
t000745	2020/tv_com_2020_26.txt	2020	2	0	0	0	0	0	0	0	5	11	-6	4	9	5	2	2
t000746	2020/tv_com_2020_27.txt	2020	0	0	0	0	0	-1	0	0	1	3	2	1	3	2	-2	2
t000747	2020/tv_com_2020_28.txt	2020	-1	-1	0	0	0	1	-1	0	4	0	6	3	2	3	-1	3
t000748	2020/tv_com_2020_29.txt	2020	1	0	0	0	0	1	0	0	1	2	4	1	4	2	-1	1
t000749	2020/tv_com_2020_30.txt	2020	0	-1	0	0	0	0	0	0	1	4	4	2	6	5	-3	0
t000750	2020/tv_com_2020_31.txt	2020	1	-1	0	0	-2	0	0	0	27	12	-2	1	9	3	0	0
t000751	2020/tv_com_2020_33.txt	2020	2	0	0	0	-1	0	0	0	7	1	-2	7	6	4	-1	0
t000752	2020/tv_com_2020_34.txt	2020	1	0	0	0	0	0	0	0	-1	7	1	3	3	3	2	3
t000753	2020/tv_com_2020_35.txt	2020	-1	0	-1	-1	0	-1	0	0	5	1	0	4	0	3	1	0
t000754	2020/tv_com_2020_36.txt	2020	0	2	0	1	-1	0	1	0	9	10	7	0	3	0	-1	0
t000755	2020/tv_com_2020_37.txt	2020	0	0	-1	0	0	0	0	0	3	1	3	2	1	1	0	3
t000756	2020/tv_com_2020_38.txt	2020	0	0	0	0	0	0	1	1	5	3	3	1	10	1	-1	2
t000757	2020/tv_com_2020_39.txt	2020	2	0	0	-1	0	0	-1	0	7	2	4	9	3	2	3	3
t000758	2020/tv_com_2020_40.txt	2020	0	-1	0	0	0	0	0	0	4	6	0	2	2	2	0	0
t000759	2020/tv_com_2020_42.txt	2020	0	0	1	0	0	0	0	0	6	5	2	5	4	1	1	1
t000760	2020/tv_com_2020_43.txt	2020	0	0	0	0	0	0	0	0	5	1	4	1	-1	1	1	-1
t000761	2020/tv_com_2020_45.txt	2020	0	0	0	0	0	-1	0	0	8	8	8	7	1	5	-1	0
t000762	2020/tv_com_2020_46.txt	2020	0	0	0	0	0	-1	0	1	2	8	1	1	2	3	3	3
t000763	2020/tv_com_2020_47.txt	2020	2	0	1	0	-1	0	0	0	8	3	6	4	4	3	-3	0
t000764	2020/tv_com_2020_48.txt	2020	4	0	-1	0	0	1	0	0	14	5	8	16	13	-3	-3	3
t000765	2020/tv_com_2020_49.txt	2020	0	0	0	-2	0	-1	0	0	7	3	0	4	0	4	0	0
t000766	2020/tv_com_2020_50.txt	2020	1	-1	0	0	0	0	0	1	2	5	2	2	2	6	-6	1
t000767	2020/tv_com_2020_51.txt	2020	0	0	0	0	0	1	0	1	3	3	9	8	2	2	-3	2
t000768	2020/tv_com_2020_52.txt	2020	0	0	0	0	0	0	0	0	2	7	0	7	5	0	0	1
t000769	2020/tv_com_2020_53.txt	2020	-1	-1	0	0	0	0	0	0	6	4	1	7	5	4	-4	3
t000770	2020/tv_com_2020_54.txt	2020	1	0	-1	-1	0	-1	0	0	6	2	7	5	2	2	2	0
t000771	2020/tv_com_2020_55.txt	2020	-1	-1	0	0	0	0	0	-1	2	9	-2	1	6	3	1	0
t000772	2020/tv_com_2020_56.txt	2020	0	0	1	0	0	0	0	0	4	16	-4	5	6	0	4	1
t000773	2020/tv_com_2020_57.txt	2020	3	-2	0	0	0	0	0	0	2	3	4	3	6	4	0	1
t000774	2020/tv_com_2020_58.txt	2020	1	0	0	0	0	1	0	0	1	2	2	2	1	3	2	2
t000775	2020/tv_com_2020_59.txt	2020	0	0	0	0	-2	1	1	1	6	3	1	4	3	4	0	5
t000776	2020/tv_com_2020_61.txt	2020	4	0	1	-1	2	0	0	-1	5	2	7	1	0	2	0	2
t000777	2020/tv_com_2020_62.txt	2020	2	-1	0	0	0	0	2	0	6	9	4	3	2	2	0	2
t000778	2020/tv_com_2020_63.txt	2020	1	1	0	0	0	0	0	0	5	2	-1	3	4	2	0	1
t000779	2020/tv_com_2020_64.txt	2020	2	-1	1	0	0	2	0	0	5	3	2	0	1	6	2	2
t000780	2020/tv_com_2020_65.txt	2020	2	0	0	0	0	0	0	0	17	5	0	5	2	3	4	2
t000781	2020/tv_com_2020_66.txt	2020	-1	-1	2	1	0	-1	0	3	7	14	5	4	4	2	1	-1
t000782	2020/tv_com_2020_67.txt	2020	2	-1	0	-1	0	1	0	0	1	5	1	0	0	0	-1	2
t000783	2020/tv_com_2020_68.txt	2020	1	-3	1	0	-1	-1	0	0	24	10	2	1	1	1	-2	0
t000784	2020/tv_com_2020_69.txt	2020	1	0	0	0	0	0	0	0	8	11	7	-1	1	2	0	0
t000785	2020/tv_com_2020_70.txt	2020	0	-2	0	0	0	-1	0	0	6	12	3	1	16	2	-1	3
t000786	2020/tv_com_2020_71.txt	2020	2	0	3	0	1	0	0	1	3	5	2	0	5	-1	-3	0
t000787	2020/tv_com_2020_72.txt	2020	-1	1	0	0	0	-1	0	0	3	4	1	1	1	2	0	-1
t000788	2020/tv_com_2020_73.txt	2020	-1	0	0	0	0	0	0	2	2	1	1	2	2	1	2	2
t000789	2020/tv_com_2020_74.txt	2020	4	0	0	1	1	0	-1	0	21	4	-1	0	6	4	0	6
t000790	2020/tv_com_2020_75.txt	2020	1	2	0	-1	0	0	1	0	20	0	1	3	2	0	4	5
t000791	2020/tv_com_2020_76.txt	2020	1	0	0	0	0	0	1	0	13	18	-3	6	4	9	4	0
t000792	2020/tv_com_2020_77.txt	2020	4	0	1	0	0	0	2	1	7	13	2	1	10	0	2	1
t000793	2020/tv_com_2020_78.txt	2020	4	1	0	0	-1	0	0	0	31	6	5	5	-1	-2	2	7
t000794	2020/tv_com_2020_79.txt	2020	-1	0	0	0	1	0	0	0	3	3	5	0	3	1	0	3
t000795	2020/tv_com_2020_81.txt	2020	1	0	0	0	0	0	0	0	14	15	6	1	-1	3	1	0
t000796	2020/tv_com_2020_82.txt	2020	1	0	0	0	0	0	0	0	20	1	0	2	5	0	0	2
t000797	2020/tv_com_2020_83.txt	2020	-4	4	3	0	0	-1	0	1	21	2	1	0	-3	-1	4	9
t000798	2020/tv_com_2020_84.txt	2020	-3	2	0	0	0	0	0	-1	14	3	5	2	6	0	-2	8
t000799	2020/tv_com_2020_85.txt	2020	1	0	3	2	1	-1	0	0	3	5	5	1	5	0	1	0
t000800	2020/tv_com_2020_86.txt	2020	2	0	0	-1	0	0	0	0	4	5	0	4	5	9	1	2
t000801	2020/tv_com_2020_88.txt	2020	-2	2	0	0	0	0	0	0	23	2	4	4	4	3	3	4
t000802	2020/tv_com_2020_89.txt	2020	1	0	0	0	0	0	0	0	6	4	5	-1	4	5	0	-1
t000803	2020/tv_com_2020_90.txt	2020	-2	-1	2	0	-1	-1	-1	2	19	25	3	11	4	2	1	-2
t000804	2020/tv_com_2020_91.txt	2020	1	-1	1	0	1	-1	0	0	13	4	5	1	3	0	-1	1
t000805	2020/tv_com_2020_92.txt	2020	1	0	0	0	1	0	0	0	3	7	11	0	4	3	-3	2
t000806	2020/tv_com_2020_93.txt	2020	0	0	0	0	0	0	0	-1	7	13	-2	3	6	1	-1	1
t000807	2020/tv_com_2020_94.txt	2020	1	0	0	0	0	0	0	-1	15	5	-2	1	0	0	1	2
t000808	2020/tv_com_2020_95.txt	2020	0	0	0	-1	-1	1	0	0	10	16	12	4	13	5	-1	2
t000809	2020/tv_com_2020_96.txt	2020	1	2	2	0	1	-2	0	0	23	2	4	1	2	0	-2	2
t000810	2020/tv_com_2020_98.txt	2020	2	0	0	0	-1	-1	0	0	9	14	7	1	3	3	-5	0
t000811	2020/tv_com_2020_99.txt	2020	1	0	1	0	0	0	0	0	11	20	16	13	6	2	3	0
t000812	2020/tv_com_2020_101.txt	2020	0	0	0	0	-1	0	0	-1	5	0	0	0	2	13	2	3
t000813	2020/tv_com_2020_102.txt	2020	1	-1	0	0	0	0	0	1	12	13	4	4	4	5	3	2
t000814	2020/tv_com_2020_103.txt	2020	1	0	0	0	0	0	0	0	1	7	0	2	8	5	1	3
t000815	2020/tv_com_2020_104.txt	2020	-2	0	0	0	1	1	2	1	7	9	7	1	19	-1	0	-2
t000816	2020/tv_com_2020_107.txt	2020	-3	-1	0	1	0	0	0	0	19	7	14	0	4	3	4	5
t000817	2020/tv_com_2020_108.txt	2020	0	0	1	0	0	-1	0	0	6	5	14	0	3	3	-1	3
t000818	2020/tv_com_2020_109.txt	2020	3	0	0	0	-1	-1	0	0	19	1	0	2	4	2	-1	1
t000819	2020/tv_com_2020_113.txt	2020	3	1	0	0	0	0	0	-1	31	4	-2	4	6	0	4	10
t000820	2020/tv_com_2020_114.txt	2020	2	1	1	0	0	-1	0	0	5	17	3	4	8	2	2	3
t000821	2020/tv_com_2020_115.txt	2020	-1	0	0	0	0	0	0	0	2	8	8	3	7	1	-4	0
t000822	2020/tv_com_2020_116.txt	2020	0	0	0	0	0	0	0	0	8	9	1	2	8	3	1	10
t000823	2020/tv_com_2020_118.txt	2020	2	0	1	1	-1	0	0	1	13	3	0	3	0	0	1	0
t000824	2020/tv_com_2020_119.txt	2020	1	0	0	0	-1	-1	0	0	9	7	2	-3	5	3	2	-3
